epoch_index,stim_sample,next_stim_sample,stim_time_s_x,isi_ms,baseline_median_uv,baseline_noise_uv,baseline_noise_outlier,candidate_found,er_found,er_detection_source,er_significant,stim_time_s_y,er_start_ms,er_peak_ms,er_end_ms,er_core_end_ms,er_rebound_ms,er_full_duration_ms,er_width_ms,er_min_uv,er_max_uv,er_depth_uv,er_p2p_uv,er_core_p2p_uv,er_prominence_uv,er_rebound_change_native,er_rebound_depth_ratio,er_morphology_score,effective_noise_uv,er_depth_noise_ratio,er_p2p_noise_ratio,er_prominence_noise_ratio,amplitude_unit,er_threshold_source,er_significance_reason
0,324743,326743,81.18575,500.0,0.21250000596046448,0.1274109375,False,False,False,no_morphology_candidate,False,,,,,,,,,,,,,,,,,,,,,,,,
1,326743,328743,81.68575,500.0,-0.04625000059604645,0.1274109375,False,False,False,no_morphology_candidate,False,,,,,,,,,,,,,,,,,,,,,,,,
2,328743,330743,82.18575,500.0,-0.03218749910593033,0.11304824712797999,False,False,False,no_morphology_candidate,False,,,,,,,,,,,,,,,,,,,,,,,,
3,330743,332743,82.68575,500.0,0.04281250014901161,0.13482394699975847,False,False,False,no_morphology_candidate,False,,,,,,,,,,,,,,,,,,,,,,,,
4,332743,334743,83.18575,500.0,0.15406249463558197,0.10239205322116612,False,False,False,no_morphology_candidate,False,,,,,,,,,,,,,,,,,,,,,,,,
5,334743,336743,83.68575,500.0,0.24500000476837158,0.06347380719780922,False,False,False,no_morphology_candidate,False,,,,,,,,,,,,,,,,,,,,,,,,
6,336743,338743,84.18575,500.0,0.05562499910593033,0.07088681117445231,False,False,False,no_morphology_candidate,False,,,,,,,,,,,,,,,,,,,,,,,,
7,338743,340743,84.68575,500.0,0.12656250596046448,0.06208385997712612,False,False,False,no_morphology_candidate,False,,,,,,,,,,,,,,,,,,,,,,,,
8,340743,342743,85.18575,500.0,-0.20937499403953552,0.17096233724355697,False,False,False,no_morphology_candidate,False,,,,,,,,,,,,,,,,,,,,,,,,
9,342743,344743,85.68575,500.0,-0.07843749970197678,0.05698743838369846,False,False,False,no_morphology_candidate,False,,,,,,,,,,,,,,,,,,,,,,,,
10,344743,346743,86.18575,500.0,-0.15843750536441803,0.15428307001143693,False,False,False,no_morphology_candidate,False,,,,,,,,,,,,,,,,,,,,,,,,
11,346743,348743,86.68575,500.0,0.02031249925494194,0.09822225022092461,False,False,False,no_morphology_candidate,False,,,,,,,,,,,,,,,,,,,,,,,,
12,348743,350743,87.18575,500.0,-0.08375000208616257,0.11258494059294462,False,True,False,candidate_not_significant,False,87.18575,15.25,18.75,30.25,21.25,30.25,15.0,6.0,-0.2096875011920929,-0.005625000223517418,0.12593749910593033,0.2896874938160181,0.06874999403953552,0.10999999940395355,0.20406250096857548,1.6203474137352176,3.2545259822470882,0.12092456868588923,1.0414550200552095,2.395604937558251,0.9096579843066211,native,matched_auto_manual_robust_mad,below_snr
13,350743,352743,87.68575,500.0,0.05624999850988388,0.1519664986744523,False,False,False,no_morphology_candidate,False,,,,,,,,,,,,,,,,,,,,,,,,
14,352743,354743,88.18575,500.0,-0.05718750134110451,0.1519665041975677,False,False,False,no_morphology_candidate,False,,,,,,,,,,,,,,,,,,,,,,,,
15,354743,356743,88.68575,500.0,-0.06968750059604645,0.03938155808150768,False,False,False,no_morphology_candidate,False,,,,,,,,,,,,,,,,,,,,,,,,
16,356743,358744,89.18575,500.25,0.31312501430511475,0.08895595934987068,False,False,False,no_morphology_candidate,False,,,,,,,,,,,,,,,,,,,,,,,,
17,358744,360744,89.686,500.0,-0.008437500335276127,0.05606081288661807,False,False,False,no_morphology_candidate,False,,,,,,,,,,,,,,,,,,,,,,,,
18,360744,362744,90.186,500.0,-0.07406249642372131,0.061157257953286165,False,False,False,no_morphology_candidate,False,,,,,,,,,,,,,,,,,,,,,,,,
19,362744,364744,90.686,500.0,-0.08437500149011612,0.12648431467817864,False,True,False,candidate_not_significant,False,90.686,18.0,20.0,30.25,23.25,30.25,12.25,5.25,-0.503125011920929,0.07249999791383743,0.41875001043081284,0.5756250098347664,0.255312517285347,0.26468750834465027,0.5756250098347664,1.3746268549165157,5.211332507936559,0.12648431467817864,3.310687269771455,4.550959629258082,2.092650847799666,native,matched_auto_manual_robust_mad,below_snr
20,364744,366744,91.186,500.0,0.027812499552965164,0.1186079973489046,False,False,False,no_morphology_candidate,False,,,,,,,,,,,,,,,,,,,,,,,,
21,366744,368744,91.686,500.0,0.12406250089406967,0.10378200044184922,False,True,False,candidate_not_significant,False,91.686,19.5,21.75,30.25,26.5,30.25,10.75,7.0,-0.5959374904632568,-0.04156250134110451,0.7199999913573265,0.5543749891221523,0.3956249952316284,0.14562499523162842,0.5543749891221523,0.7699652719120983,7.777268290900048,0.12092456868588923,5.95412494898023,4.584469435340171,1.2042630940441923,native,matched_auto_manual_robust_mad,below_snr
22,368744,370744,92.186,500.0,-0.009999999776482582,0.1199979362849146,False,True,True,significant_er,True,92.186,18.25,20.5,29.5,24.0,29.5,11.25,5.75,-0.7309374809265137,0.05781250074505806,0.7209374811500311,0.7887499816715717,0.4137499928474426,0.3740624785423279,0.7887499816715717,1.0940615549816703,4.989672341012634,0.12092456868588923,5.9618776315235085,6.522661112155048,3.093353837084866,native,matched_auto_manual_robust_mad,significant
23,370744,372744,92.686,500.0,-0.037812501192092896,0.11536481294184922,False,True,False,candidate_not_significant,False,92.686,18.5,19.75,29.5,22.0,29.5,11.0,3.5,-0.24937500059604645,0.1693750023841858,0.21156249940395355,0.41875000298023224,0.11968749761581421,0.22437500022351742,0.41875000298023224,1.9793205514209713,8.859368748564977,0.12092456868588923,1.7495410709588988,3.4629025973040037,1.8554955594371279,native,matched_auto_manual_robust_mad,below_snr
24,372744,374744,93.186,500.0,-0.11999999731779099,0.1751321236744523,False,True,False,candidate_not_significant,False,93.186,19.5,21.0,32.75,23.25,32.75,13.25,3.75,-0.5537499785423279,0.24031250178813934,0.4337499812245369,0.7940624803304672,0.23156246542930603,0.3259374797344208,0.7940624803304672,1.8306916765476686,8.574946336515689,0.1751321236744523,2.4767014304629877,4.534076694042296,1.8610947717409965,native,matched_auto_manual_robust_mad,below_snr
25,374744,376744,93.686,500.0,-0.02968749962747097,0.06671700541265309,False,False,False,no_morphology_candidate,False,,,,,,,,,,,,,,,,,,,,,,,,
26,376744,378744,94.186,500.0,-0.14812499284744263,0.09636901855766773,False,False,False,no_morphology_candidate,False,,,,,,,,,,,,,,,,,,,,,,,,
27,378744,380744,94.686,500.0,-0.023749999701976776,0.1403836861744523,False,True,True,significant_er,True,94.686,17.75,19.5,31.5,22.5,31.5,13.75,4.75,-0.44718751311302185,0.25718748569488525,0.4234375134110451,0.7043749988079071,0.22343751788139343,0.3512500151991844,0.7043749988079071,1.6634685791859602,5.853412757096919,0.1403836861744523,3.016287183717678,5.017498955915667,2.5020714640780435,native,matched_auto_manual_robust_mad,significant
28,380744,382744,95.186,500.0,-0.010625000111758709,0.11258493645060808,False,False,False,no_morphology_candidate,False,,,,,,,,,,,,,,,,,,,,,,,,
29,382744,384744,95.686,500.0,0.05562499910593033,0.1301908208951354,False,True,False,candidate_not_significant,False,95.686,16.25,20.0,30.5,23.5,30.5,14.25,7.25,-0.21125000715255737,0.1990624964237213,0.2668750062584877,0.4103125035762787,0.14343750476837158,0.16968750581145287,0.4103125035762787,1.5374707033406545,4.943905703216634,0.1301908208951354,2.049875747180726,3.1516239067789003,1.3033753427834271,native,matched_auto_manual_robust_mad,below_snr
30,384744,386744,96.186,500.0,-0.054999999701976776,0.12926419677883386,False,False,False,no_morphology_candidate,False,,,,,,,,,,,,,,,,,,,,,,,,
31,386744,388744,96.686,500.0,-0.03125,0.13667718970924614,False,True,False,candidate_not_significant,False,96.686,12.25,14.25,33.5,22.0,33.5,21.25,9.75,-0.5293750166893005,-0.0037499999161809683,0.49812501668930054,0.5256250167731196,0.2581250071525574,0.31687501072883606,0.5256250167731196,1.0552070246674077,5.932178490655457,0.13667718970924614,3.6445365737250204,3.845740594251927,2.318419126138936,native,matched_auto_manual_robust_mad,below_snr
32,388744,390744,97.186,500.0,-0.09531249850988388,0.14501680675596,False,True,True,significant_er,True,97.186,15.0,17.0,32.5,22.25,32.5,17.5,7.25,-0.6943749785423279,0.12093749642372131,0.599062480032444,0.8153124749660492,0.32343748211860657,0.5212499797344208,0.8153124749660492,1.360980702583633,2.158365439980357,0.14501680675596,4.130986562409762,5.622192994071986,3.594410823095842,native,matched_auto_manual_robust_mad,significant
33,390744,392744,97.686,500.0,0.053437501192092896,0.11907132045328617,False,True,False,candidate_not_significant,False,97.686,15.0,17.5,30.75,21.5,30.75,15.75,6.5,-0.1681250035762787,0.2603124976158142,0.22156250476837158,0.4284375011920929,0.11812500283122063,0.2434375062584877,0.4284375011920929,1.9337094136934179,3.8276888963292124,0.12092456868588923,1.832237296160196,3.5430145077051454,2.0131352040695316,native,matched_auto_manual_robust_mad,below_snr
34,392744,394745,98.186,500.25,-0.053437501192092896,0.06440043131411076,False,True,True,significant_er,True,98.186,15.75,17.5,32.0,20.25,32.0,16.25,4.5,-0.5831249952316284,0.3890624940395355,0.5296874940395355,0.9721874892711639,0.3062500059604645,0.6431249938905239,0.9721874892711639,1.8353982304868246,4.33031663995749,0.12092456868588923,4.380313279557267,8.039619242277348,5.318398079724312,native,matched_auto_manual_robust_mad,significant
35,394745,396744,98.68625,499.75,-0.004062499850988388,0.1274109319768846,False,False,False,no_morphology_candidate,False,,,,,,,,,,,,,,,,,,,,,,,,
36,396744,398746,99.186,500.49999999999994,0.078125,0.04401468970924616,False,True,True,significant_er,True,99.186,17.5,19.25,32.5,23.75,32.5,15.0,6.25,-0.5896875262260437,0.10218749940395355,0.6678125262260437,0.6918750256299973,0.3593750298023224,0.37656252086162567,0.6918750256299973,1.0360318180012826,3.4184535813769514,0.12092456868588923,5.522554543574495,5.721542223790728,3.1140282322591983,native,matched_auto_manual_robust_mad,significant
37,398746,400748,99.6865,500.49999999999994,0.06624999642372131,0.08571280670072882,False,True,True,significant_er,True,99.6865,13.75,16.25,31.0,21.75,31.0,17.25,8.0,-0.6787499785423279,0.5387499928474426,0.7449999749660492,1.2174999713897705,0.44968748092651367,0.7390624769032001,1.2174999713897705,1.6342282044308174,4.484839508241229,0.12092456868588923,6.160865265529648,10.06825978062671,6.11176442417563,native,matched_auto_manual_robust_mad,significant
38,400748,402750,100.187,500.49999999999994,-0.047187499701976776,0.11953463251143694,False,True,True,significant_er,True,100.187,16.25,18.0,34.25,20.75,34.25,18.0,4.5,-0.5425000190734863,0.13968749344348907,0.49531251937150955,0.6821875125169754,0.29593752324581146,0.602187518030405,0.6821875125169754,1.3772870376516773,2.742243823432078,0.12092456868588923,4.096045367406862,5.641430190162674,4.97986078903976,native,matched_auto_manual_robust_mad,significant
39,402750,404741,100.6875,497.75,0.12843750417232513,0.12694763096496461,False,True,True,significant_er,True,100.6875,14.0,16.0,26.25,20.5,26.25,12.25,6.5,-0.7484375238418579,0.04281250014901161,0.876875028014183,0.7912500239908695,0.556562528014183,0.6600000262260437,0.7912500239908695,0.902352101168596,4.03101841755987,0.12694763096496461,6.907376067980234,6.232885308503638,5.198994429507649,native,matched_auto_manual_robust_mad,significant
40,404741,406741,101.18525,500.0,-0.03375000134110451,0.11304824712797999,False,False,False,no_morphology_candidate,False,,,,,,,,,,,,,,,,,,,,,,,,
41,406741,408740,101.68525,499.75,0.028437500819563866,0.045867938632238654,False,False,False,no_morphology_candidate,False,,,,,,,,,,,,,,,,,,,,,,,,
42,408740,410740,102.185,500.0,-0.08812499791383743,0.12138787176897749,False,False,False,no_morphology_candidate,False,,,,,,,,,,,,,,,,,,,,,,,,
43,410740,412739,102.685,499.75,0.07093749940395355,0.12787426060438156,False,True,True,significant_er,True,102.685,11.75,14.0,34.0,17.75,34.0,22.25,6.0,-0.9731249809265137,0.16312499344348907,1.0440624803304672,1.1362499743700027,0.567187488079071,0.45906245708465576,1.1362499743700027,1.0882969130452387,3.8393696133786093,0.12787426060438156,8.164758688698083,8.885681676669414,3.5899519959290864,native,matched_auto_manual_robust_mad,significant
44,412739,414739,103.18475,500.0,-0.06031249836087227,0.06764363229051232,False,True,True,significant_er,True,103.18475,13.25,15.25,35.0,19.25,35.0,21.75,6.0,-0.9671875238418579,0.08343750238418579,0.9068750254809856,1.0506250262260437,0.4803125262260437,0.8384375274181366,1.0506250262260437,1.158511367835735,2.33491140812708,0.12092456868588923,7.499510110610049,8.688267716340773,6.933558139008475,native,matched_auto_manual_robust_mad,significant
45,414739,416739,103.68475,500.0,0.5903124809265137,0.10285534318685531,False,False,False,no_morphology_candidate,False,,,,,,,,,,,,,,,,,,,,,,,,
46,416739,418739,104.18475,500.0,0.05000000074505806,0.11351157023236155,False,False,False,no_morphology_candidate,False,,,,,,,,,,,,,,,,,,,,,,,,
47,418739,420739,104.68475,500.0,-1.034999966621399,0.12555764508247375,False,False,False,no_morphology_candidate,False,,,,,,,,,,,,,,,,,,,,,,,,
48,420739,422739,105.18475,500.0,-0.12406250089406967,0.08154299955815077,False,False,False,no_morphology_candidate,False,,,,,,,,,,,,,,,,,,,,,,,,
49,422739,424739,105.68475,500.0,-0.3046875,0.13899375,False,False,False,no_morphology_candidate,False,,,,,,,,,,,,,,,,,,,,,,,,
50,424739,426739,106.18475,500.0,-0.036249998956918716,0.13667718418613076,False,False,False,no_morphology_candidate,False,,,,,,,,,,,,,,,,,,,,,,,,
51,426739,428739,106.68475,500.0,0.3409374952316284,0.1704990141391754,False,False,False,no_morphology_candidate,False,,,,,,,,,,,,,,,,,,,,,,,,
52,428739,430739,107.18475,500.0,-0.3296875059604645,0.17466881161630152,False,False,False,no_morphology_candidate,False,,,,,,,,,,,,,,,,,,,,,,,,
53,430739,432738,107.68475,499.75,0.11500000208616257,0.08663944324404001,False,False,False,no_morphology_candidate,False,,,,,,,,,,,,,,,,,,,,,,,,
54,432738,434738,108.1845,500.0,-0.2928124964237213,0.16030612676739692,False,False,False,no_morphology_candidate,False,,,,,,,,,,,,,,,,,,,,,,,,
55,434738,436738,108.6845,500.0,-0.1496874988079071,0.1445535002209246,False,True,True,significant_er,True,108.6845,13.0,17.75,26.0,22.0,26.0,13.0,9.0,-1.380312442779541,0.04593750089406967,1.230624943971634,1.4262499436736107,0.6974999308586121,1.125937432050705,1.4262499436736107,1.1589639480820453,4.473621262321807,0.1445535002209246,8.513283608427606,9.86658878196542,7.789070692372772,native,matched_auto_manual_robust_mad,significant
56,436738,438737,109.1845,499.75,-0.2150000035762787,0.11351155366301537,False,False,False,no_morphology_candidate,False,,,,,,,,,,,,,,,,,,,,,,,,
57,438737,440738,109.68425,500.25,0.046875,0.06486374993096106,False,True,True,significant_er,True,109.68425,14.5,16.75,25.75,20.0,25.75,11.25,5.5,-0.6628124713897705,0.15812499821186066,0.7096874713897705,0.8209374696016312,0.41624997556209564,0.6878124717622995,0.8209374696016312,1.1567591407440256,2.870897971958531,0.12092456868588923,5.868844347365321,6.78883934441874,5.6879464548593495,native,matched_auto_manual_robust_mad,significant
58,440738,442737,110.1845,499.75,-0.2984375059604645,0.1098050792902708,False,False,False,no_morphology_candidate,False,,,,,,,,,,,,,,,,,,,,,,,,
59,442737,444737,110.68425,500.0,-0.12562499940395355,0.13111743396520614,False,False,False,no_morphology_candidate,False,,,,,,,,,,,,,,,,,,,,,,,,
60,444737,446737,111.18425,500.0,0.23093749582767487,0.13528727562725543,False,True,True,significant_er,True,111.18425,12.5,15.5,23.25,18.0,23.25,10.75,5.5,-0.5406249761581421,0.44437500834465027,0.771562471985817,0.9849999845027924,0.44843747466802597,0.6121874749660492,0.9849999845027924,1.2766302409286943,4.655858624454636,0.13528727562725543,5.703141469946013,7.280802868827606,4.525092785908063,native,matched_auto_manual_robust_mad,significant
61,446737,448737,111.68425,500.0,-0.13562500476837158,0.14270025751143692,False,False,False,no_morphology_candidate,False,,,,,,,,,,,,,,,,,,,,,,,,
62,448737,450737,112.18425,500.0,-0.11562500149011612,0.10146542910486459,False,False,False,no_morphology_candidate,False,,,,,,,,,,,,,,,,,,,,,,,,
63,450737,452737,112.68425,500.0,0.08656249940395355,0.13667717866301535,False,True,False,candidate_not_significant,False,112.68425,11.5,16.0,25.5,19.25,25.5,14.0,7.75,-0.6340625286102295,0.42093750834465027,0.720625028014183,1.0571875274181366,0.3750000298023224,0.0012500286102294922,1.0550000369548798,1.4640069327901775,5.507216243804844,0.13667717866301535,5.272460516549887,7.734923545829748,0.009145847334992935,native,matched_auto_manual_robust_mad,below_snr
64,452737,454737,113.18425,500.0,-0.1834374964237213,0.09590569545328617,False,True,False,candidate_not_significant,False,113.18425,11.75,13.75,31.25,18.0,31.25,19.5,6.25,-0.43562498688697815,0.06843750178813934,0.25218749046325684,0.5040624886751175,0.13249999284744263,0.10499998927116394,0.5040624886751175,1.9987608733057214,6.024640075386857,0.12092456868588923,2.0854942316836627,4.168404271794081,0.8683098100925165,native,matched_auto_manual_robust_mad,below_snr
65,454737,456737,113.68425,500.0,0.09968750178813934,0.026872121465206143,False,True,False,candidate_not_significant,False,113.68425,10.75,13.0,26.0,20.25,26.0,15.25,9.5,-0.41843751072883606,0.35093748569488525,0.5181250125169754,0.7693749964237213,0.3056250140070915,0.04937499761581421,0.7693749964237213,1.4849215495044532,8.09100604071575,0.12092456868588923,4.284695973262841,6.362437383772948,0.4083123731792629,native,matched_auto_manual_robust_mad,below_snr
66,456737,458737,114.18425,500.0,-0.19718749821186066,0.11304825265109539,False,False,False,no_morphology_candidate,False,,,,,,,,,,,,,,,,,,,,,,,,
67,458737,460737,114.68425,500.0,0.05406250059604645,0.11443817777931689,False,False,False,no_morphology_candidate,False,,,,,,,,,,,,,,,,,,,,,,,,
68,460737,462737,115.18425,500.0,-0.15843750536441803,0.11304825265109539,False,False,False,no_morphology_candidate,False,,,,,,,,,,,,,,,,,,,,,,,,
69,462737,464736,115.68425,499.75,-0.11874999850988388,0.061157246907055374,False,False,False,no_morphology_candidate,False,,,,,,,,,,,,,,,,,,,,,,,,
70,464736,466737,116.184,500.25,0.05062500014901161,0.11768137599416076,False,False,False,no_morphology_candidate,False,,,,,,,,,,,,,,,,,,,,,,,,
71,466737,468736,116.68425,499.75,-0.0546875,0.15613630719780922,False,False,False,no_morphology_candidate,False,,,,,,,,,,,,,,,,,,,,,,,,
72,468736,470736,117.184,500.0,-0.25062501430511475,0.15474633788466452,False,False,False,no_morphology_candidate,False,,,,,,,,,,,,,,,,,,,,,,,,
73,470736,472728,117.684,498.0,0.03125,0.08802937941849232,False,False,False,no_morphology_candidate,False,,,,,,,,,,,,,,,,,,,,,,,,
74,472728,474735,118.182,501.75000000000006,0.012187499552965164,0.12463105962797999,False,True,False,candidate_not_significant,False,118.182,14.75,19.0,23.0,21.0,23.0,8.25,6.25,-0.17656250298023224,0.024687500670552254,0.1887500025331974,0.2012500036507845,0.10062500089406967,0.16562500316649675,0.2012500036507845,1.066225170595103,3.9905067955363696,0.12463105962797999,1.514470013306559,1.6147660482989534,1.3289223702412742,native,matched_auto_manual_robust_mad,below_snr
75,474735,476735,118.68375,500.0,0.18281249701976776,0.08941930454671382,False,False,False,no_morphology_candidate,False,,,,,,,,,,,,,,,,,,,,,,,,
76,476735,478728,119.18375,498.25,-0.20812499523162842,0.12416776413917541,False,False,False,no_morphology_candidate,False,,,,,,,,,,,,,,,,,,,,,,,,
77,478728,480735,119.682,501.75000000000006,0.029062500223517418,0.15659962754063309,False,False,False,no_morphology_candidate,False,,,,,,,,,,,,,,,,,,,,,,,,
78,480735,482728,120.18375,498.25,0.1171875,0.13899375,False,False,False,no_morphology_candidate,False,,,,,,,,,,,,,,,,,,,,,,,,
79,482728,484735,120.682,501.75000000000006,0.30687499046325684,0.08617610909342766,False,False,False,no_morphology_candidate,False,,,,,,,,,,,,,,,,,,,,,,,,
80,484735,486735,121.18375,500.0,-0.06687500327825546,0.08107969302311539,False,False,False,no_morphology_candidate,False,,,,,,,,,,,,,,,,,,,,,,,,
81,486735,488735,121.68375,500.0,0.2109375,0.12787424955815077,False,False,False,no_morphology_candidate,False,,,,,,,,,,,,,,,,,,,,,,,,
82,488735,490735,122.18375,500.0,0.10499999672174454,0.16957237069196998,False,False,False,no_morphology_candidate,False,,,,,,,,,,,,,,,,,,,,,,,,
83,490735,492696,122.68375,490.25,-0.2459374964237213,0.23258287411630152,False,False,False,no_morphology_candidate,False,,,,,,,,,,,,,,,,,,,,,,,,
84,492696,494735,123.174,509.75000000000006,-0.06062500178813934,0.11490150364525616,False,False,False,no_morphology_candidate,False,,,,,,,,,,,,,,,,,,,,,,,,
85,494735,496736,123.68375,500.25,0.19812500476837158,0.14270024646520613,False,False,False,no_morphology_candidate,False,,,,,,,,,,,,,,,,,,,,,,,,
86,496736,498735,124.184,499.75,0.08062499761581421,0.16864574381411074,False,False,False,no_morphology_candidate,False,,,,,,,,,,,,,,,,,,,,,,,,
87,498735,500735,124.68375,500.0,-0.08156249672174454,0.18856818440705536,False,False,False,no_morphology_candidate,False,,,,,,,,,,,,,,,,,,,,,,,,
88,500735,502736,125.18375,500.25,0.06031249836087227,0.1315807487849146,False,False,False,no_morphology_candidate,False,,,,,,,,,,,,,,,,,,,,,,,,
89,502736,504735,125.684,499.75,0.48093751072883606,0.03706500883698463,False,False,False,no_morphology_candidate,False,,,,,,,,,,,,,,,,,,,,,,,,
90,504735,506728,126.18375,498.25,0.22843749821186066,0.09266252209246158,False,False,False,no_morphology_candidate,False,,,,,,,,,,,,,,,,,,,,,,,,
91,506728,508728,126.682,500.0,-0.009687500074505806,0.32107555730827153,False,False,False,no_morphology_candidate,False,,,,,,,,,,,,,,,,,,,,,,,,
92,508728,510728,127.182,500.0,-0.12218750268220901,0.08617613118588924,False,False,False,no_morphology_candidate,False,,,,,,,,,,,,,,,,,,,,,,,,
93,510728,512736,127.682,502.0,0.21125000715255737,0.17142561616301535,False,False,False,no_morphology_candidate,False,,,,,,,,,,,,,,,,,,,,,,,,
94,512736,514728,128.184,498.0,0.18781250715255737,0.07644656691849232,False,False,False,no_morphology_candidate,False,,,,,,,,,,,,,,,,,,,,,,,,
95,514728,516728,128.682,500.0,-0.25218749046325684,0.08710275530219078,False,False,False,no_morphology_candidate,False,,,,,,,,,,,,,,,,,,,,,,,,
96,516728,518728,129.182,500.0,-0.1353124976158142,0.08571280808150768,False,False,False,no_morphology_candidate,False,,,,,,,,,,,,,,,,,,,,,,,,
97,518728,520736,129.682,502.0,-0.12531250715255737,0.08154301060438156,False,False,False,no_morphology_candidate,False,,,,,,,,,,,,,,,,,,,,,,,,
98,520736,522727,130.184,497.75,-0.1381250023841858,0.08571281912773847,False,False,False,no_morphology_candidate,False,,,,,,,,,,,,,,,,,,,,,,,,
99,522727,524736,130.68175,502.25,0.22312499582767487,0.23953255498856305,False,False,False,no_morphology_candidate,False,,,,,,,,,,,,,,,,,,,,,,,,
100,524736,526727,131.184,497.75,0.027187500149011612,0.28818038184866307,False,False,False,no_morphology_candidate,False,,,,,,,,,,,,,,,,,,,,,,,,
101,526727,528736,131.68175,502.25,-0.27000001072883606,0.04818452032506466,False,False,False,no_morphology_candidate,False,,,,,,,,,,,,,,,,,,,,,,,,
102,528736,530727,132.184,497.75,-0.12999999523162842,0.17374218749999998,False,False,False,no_morphology_candidate,False,,,,,,,,,,,,,,,,,,,,,,,,
103,530727,532736,132.68175,502.25,0.13843749463558197,0.06023063383698463,False,False,False,no_morphology_candidate,False,,,,,,,,,,,,,,,,,,,,,,,,
104,532736,534727,133.184,497.75,-0.03437500074505806,0.12972750331386923,False,False,False,no_morphology_candidate,False,,,,,,,,,,,,,,,,,,,,,,,,
105,534727,536727,133.68175,500.0,-0.021250000223517418,0.1362138693664223,False,False,False,no_morphology_candidate,False,,,,,,,,,,,,,,,,,,,,,,,,
106,536727,538736,134.18175,502.25,-0.11500000208616257,0.17930194324404,False,False,False,no_morphology_candidate,False,,,,,,,,,,,,,,,,,,,,,,,,
107,538736,540736,134.684,500.0,-0.017500000074505806,0.07644656415693461,False,False,False,no_morphology_candidate,False,,,,,,,,,,,,,,,,,,,,,,,,
108,540736,542736,135.184,500.0,0.08375000208616257,0.13297069324404,False,False,False,no_morphology_candidate,False,,,,,,,,,,,,,,,,,,,,,,,,
109,542736,544736,135.684,500.0,-0.5400000214576721,0.18439839797616003,False,False,False,no_morphology_candidate,False,,,,,,,,,,,,,,,,,,,,,,,,
110,544736,546736,136.184,500.0,-0.12968750298023224,0.12416774204671382,False,False,False,no_morphology_candidate,False,,,,,,,,,,,,,,,,,,,,,,,,
111,546736,548736,136.684,500.0,-0.12812499701976776,0.11582812499999999,False,False,False,no_morphology_candidate,False,,,,,,,,,,,,,,,,,,,,,,,,
112,548736,550736,137.184,500.0,-0.25062501430511475,0.0393815359890461,False,False,False,no_morphology_candidate,False,,,,,,,,,,,,,,,,,,,,,,,,
113,550736,552736,137.684,500.0,0.19031250476837158,0.11536480189561843,False,False,False,no_morphology_candidate,False,,,,,,,,,,,,,,,,,,,,,,,,
114,552736,554735,138.184,499.75,-0.14406250417232513,0.12926418573260307,False,False,False,no_morphology_candidate,False,,,,,,,,,,,,,,,,,,,,,,,,
115,554735,556736,138.68375,500.25,-0.16718749701976776,0.08478618396520614,False,False,False,no_morphology_candidate,False,,,,,,,,,,,,,,,,,,,,,,,,
116,556736,558727,139.184,497.75,-0.16593749821186066,0.11212162853479385,False,False,False,no_morphology_candidate,False,,,,,,,,,,,,,,,,,,,,,,,,
117,558727,560727,139.68175,500.0,-0.004687500186264515,0.12324112483430653,False,False,False,no_morphology_candidate,False,,,,,,,,,,,,,,,,,,,,,,,,
118,560727,562727,140.18175,500.0,-0.5815625190734863,0.07829983724355698,False,False,False,no_morphology_candidate,False,,,,,,,,,,,,,,,,,,,,,,,,
119,562727,564727,140.68175,500.0,-0.33500000834465027,0.17883860909342764,False,False,False,no_morphology_candidate,False,,,,,,,,,,,,,,,,,,,,,,,,
120,564727,566727,141.18175,500.0,-0.19062499701976776,0.18578830101191995,False,False,False,no_morphology_candidate,False,,,,,,,,,,,,,,,,,,,,,,,,
121,566727,568736,141.68175,502.25,-0.5193750262260437,0.08710279948711394,False,False,False,no_morphology_candidate,False,,,,,,,,,,,,,,,,,,,,,,,,
122,568736,570735,142.184,499.75,-0.09375,0.0722767473489046,False,False,False,no_morphology_candidate,False,,,,,,,,,,,,,,,,,,,,,,,,
123,570735,572736,142.68375,500.25,-0.21937499940395355,0.13065413295328615,False,False,False,no_morphology_candidate,False,,,,,,,,,,,,,,,,,,,,,,,,
124,572736,574735,143.184,499.75,0.1640625,0.08061636439561844,False,False,False,no_morphology_candidate,False,,,,,,,,,,,,,,,,,,,,,,,,
125,574735,576736,143.68375,500.25,0.6696875095367432,0.06810690568685532,False,False,False,no_morphology_candidate,False,,,,,,,,,,,,,,,,,,,,,,,,
126,576736,578727,144.184,497.75,0.07218749821186066,0.06393713030219078,False,False,False,no_morphology_candidate,False,,,,,,,,,,,,,,,,,,,,,,,,
127,578727,580727,144.68175,500.0,0.17406250536441803,0.10702518484890461,False,False,False,no_morphology_candidate,False,,,,,,,,,,,,,,,,,,,,,,,,
128,580727,582727,145.18175,500.0,0.5778124928474426,0.5286395554304123,False,False,False,no_morphology_candidate,False,,,,,,,,,,,,,,,,,,,,,,,,
129,582727,584735,145.68175,502.0,0.3634375035762787,0.19134806780219077,False,False,False,no_morphology_candidate,False,,,,,,,,,,,,,,,,,,,,,,,,
130,584735,586735,146.18375,500.0,0.24812500178813934,0.058377385604381556,False,False,False,no_morphology_candidate,False,,,,,,,,,,,,,,,,,,,,,,,,
131,586735,588727,146.68375,498.0,-0.19062499701976776,0.16354932222068308,False,False,False,no_morphology_candidate,False,,,,,,,,,,,,,,,,,,,,,,,,
132,588727,590736,147.18175,502.25,0.24124999344348907,0.16679249558150766,False,False,False,no_morphology_candidate,False,,,,,,,,,,,,,,,,,,,,,,,,
133,590736,592727,147.684,497.75,1.0325000286102295,0.8223797316849232,True,False,False,no_morphology_candidate,False,,,,,,,,,,,,,,,,,,,,,,,,
134,592727,594727,148.18175,500.0,-0.09718749672174454,0.11351155642457306,False,True,False,candidate_not_significant,False,148.18175,11.75,15.0,21.25,16.5,21.25,9.5,4.75,-0.6559374928474426,0.013749999925494194,0.5587499961256981,0.6696874927729368,0.2984375059604645,0.2659375071525574,0.6696874927729368,1.1985458566737635,5.713517183116292,0.12092456868588923,4.620649072374149,5.538059800837504,2.1992016183522662,native,matched_auto_manual_robust_mad,below_snr
135,594727,596727,148.68175,500.0,0.854687511920929,0.43088067802190777,False,True,False,candidate_not_significant,False,148.68175,10.5,14.75,24.25,19.75,24.25,13.75,9.25,-0.3621875047683716,0.6831250190734863,1.2168750166893005,1.045312523841858,0.6590625047683716,0.23781250417232513,1.045312523841858,0.8590138752998601,7.578151036832382,0.43088067802190777,2.824157774434781,2.425990714275449,0.5519219503275887,native,matched_auto_manual_robust_mad,below_snr
136,596727,598735,149.18175,502.0,-0.024687500670552254,0.12555768650583923,False,False,False,no_morphology_candidate,False,,,,,,,,,,,,,,,,,,,,,,,,
137,598735,600735,149.68375,500.0,-0.59375,0.07135016741752624,False,False,False,no_morphology_candidate,False,,,,,,,,,,,,,,,,,,,,,,,,
138,600735,602727,150.18375,498.0,-0.1887499988079071,0.06718030366301536,False,False,False,no_morphology_candidate,False,,,,,,,,,,,,,,,,,,,,,,,,
139,602727,604735,150.68175,502.0,-0.09593749791383743,0.08061636991873383,False,False,False,no_morphology_candidate,False,,,,,,,,,,,,,,,,,,,,,,,,
140,604735,606727,151.18375,498.0,0.34062498807907104,0.09775896577835083,False,False,False,no_morphology_candidate,False,,,,,,,,,,,,,,,,,,,,,,,,
141,606727,608727,151.68175,500.0,-0.2684375047683716,0.08941932663917541,False,False,False,no_morphology_candidate,False,,,,,,,,,,,,,,,,,,,,,,,,
142,608727,610727,152.18175,500.0,0.43968749046325684,0.16818248698711394,False,False,False,no_morphology_candidate,False,,,,,,,,,,,,,,,,,,,,,,,,
143,610727,612727,152.68175,500.0,-0.39250001311302185,0.04864782133698463,False,False,False,no_morphology_candidate,False,,,,,,,,,,,,,,,,,,,,,,,,
144,612727,614727,153.18175,500.0,-0.3306249976158142,0.08339625883698464,False,False,False,no_morphology_candidate,False,,,,,,,,,,,,,,,,,,,,,,,,
145,614727,616727,153.68175,500.0,-0.1862500011920929,0.10378200044184922,False,False,False,no_morphology_candidate,False,,,,,,,,,,,,,,,,,,,,,,,,
146,616727,618735,154.18175,502.0,-0.4596875011920929,0.16215933081507683,False,False,False,no_morphology_candidate,False,,,,,,,,,,,,,,,,,,,,,,,,
147,618735,620726,154.68375,497.75,-0.23906250298023224,0.16030610467493533,False,False,False,no_morphology_candidate,False,,,,,,,,,,,,,,,,,,,,,,,,
148,620726,622726,155.1815,500.0,-0.023125000298023224,0.4169812610462308,False,False,False,no_morphology_candidate,False,,,,,,,,,,,,,,,,,,,,,,,,
149,622726,624726,155.6815,500.0,0.11406250298023224,0.15613631686326115,False,False,False,no_morphology_candidate,False,,,,,,,,,,,,,,,,,,,,,,,,
150,624726,626726,156.1815,500.0,0.2953124940395355,0.062083882069587704,False,False,False,no_morphology_candidate,False,,,,,,,,,,,,,,,,,,,,,,,,
151,626726,628726,156.6815,500.0,-0.16468749940395355,0.14038369722068308,False,False,False,no_morphology_candidate,False,,,,,,,,,,,,,,,,,,,,,,,,
152,628726,630726,157.1815,500.0,-0.0637499988079071,0.0852495070695877,False,False,False,no_morphology_candidate,False,,,,,,,,,,,,,,,,,,,,,,,,
153,630726,632726,157.6815,500.0,0.21281249821186066,0.12092456868588923,False,False,False,no_morphology_candidate,False,,,,,,,,,,,,,,,,,,,,,,,,
154,632726,634726,158.1815,500.0,-0.2906250059604645,0.15242981073260306,False,False,False,no_morphology_candidate,False,,,,,,,,,,,,,,,,,,,,,,,,
155,634726,636726,158.6815,500.0,-0.5634375214576721,0.13621381137371064,False,False,False,no_morphology_candidate,False,,,,,,,,,,,,,,,,,,,,,,,,
156,636726,638726,159.1815,500.0,1.2612500190734863,0.10517195870876311,False,True,True,significant_er,True,159.1815,12.75,14.75,30.75,18.5,30.75,18.0,5.75,-1.9681249856948853,0.6328125,3.2293750047683716,2.6009374856948853,1.6509374976158142,2.1528124809265137,2.6009374856948853,0.8053996460164708,3.829571934184032,0.12092456868588923,26.7056979393238,21.508759666954184,17.8029370236466,native,matched_auto_manual_robust_mad,significant
157,638726,640735,159.6815,502.25,-0.8812500238418579,0.4053984375,False,False,False,no_morphology_candidate,False,,,,,,,,,,,,,,,,,,,,,,,,
158,640735,642726,160.18375,497.75,-0.2331250011920929,0.1575262544184923,False,False,False,no_morphology_candidate,False,,,,,,,,,,,,,,,,,,,,,,,,
159,642726,644726,160.6815,500.0,-0.5790625214576721,0.09636899646520614,False,False,False,no_morphology_candidate,False,,,,,,,,,,,,,,,,,,,,,,,,
160,644726,646726,161.1815,500.0,-0.34593749046325684,0.44478001767396924,False,False,False,no_morphology_candidate,False,,,,,,,,,,,,,,,,,,,,,,,,
161,646726,648726,161.6815,500.0,-0.05062500014901161,0.0954423751104623,False,False,False,no_morphology_candidate,False,,,,,,,,,,,,,,,,,,,,,,,,
162,648726,650726,162.1815,500.0,1.0303125381469727,0.21451373698711393,False,False,False,no_morphology_candidate,False,,,,,,,,,,,,,,,,,,,,,,,,
163,650726,652726,162.6815,500.0,-0.18531249463558197,0.07968976237177848,False,False,False,no_morphology_candidate,False,,,,,,,,,,,,,,,,,,,,,,,,
164,652726,654726,163.1815,500.0,0.2537499964237213,0.42161437058150764,False,False,False,no_morphology_candidate,False,,,,,,,,,,,,,,,,,,,,,,,,
165,654726,656735,163.6815,502.25,-0.42500001192092896,0.11397483258247375,False,False,False,no_morphology_candidate,False,,,,,,,,,,,,,,,,,,,,,,,,
166,656735,658735,164.18375,500.0,1.3146874904632568,0.8487884858608246,True,False,False,no_morphology_candidate,False,,,,,,,,,,,,,,,,,,,,,,,,
167,658735,660726,164.68375,497.75,-0.6934375166893005,0.11026842448711395,False,False,False,no_morphology_candidate,False,,,,,,,,,,,,,,,,,,,,,,,,
168,660726,662726,165.1815,500.0,-0.25312501192092896,0.08061638648808002,False,False,False,no_morphology_candidate,False,,,,,,,,,,,,,,,,,,,,,,,,
169,662726,664735,165.6815,502.25,-0.11218749731779099,0.16308601016253232,False,False,False,no_morphology_candidate,False,,,,,,,,,,,,,,,,,,,,,,,,
170,664735,666735,166.18375,500.0,-0.30156248807907104,0.08246961262822151,False,False,False,no_morphology_candidate,False,,,,,,,,,,,,,,,,,,,,,,,,
171,666735,668735,166.68375,500.0,0.7278125286102295,0.18347170758247375,False,False,False,no_morphology_candidate,False,,,,,,,,,,,,,,,,,,,,,,,,
172,668735,670726,167.18375,497.75,0.9934375286102295,0.1278741722345352,False,False,False,no_morphology_candidate,False,,,,,,,,,,,,,,,,,,,,,,,,
173,670726,672726,167.6815,500.0,0.574999988079071,0.6773629138827324,True,False,False,no_morphology_candidate,False,,,,,,,,,,,,,,,,,,,,,,,,
174,672726,674726,168.1815,500.0,2.603749990463257,0.4484865141391754,False,False,False,no_morphology_candidate,False,,,,,,,,,,,,,,,,,,,,,,,,
175,674726,676726,168.6815,500.0,-0.07374999672174454,0.5453188005700708,False,False,False,no_morphology_candidate,False,,,,,,,,,,,,,,,,,,,,,,,,
176,676726,678726,169.1815,500.0,-0.19812500476837158,0.34516780366301536,False,False,False,no_morphology_candidate,False,,,,,,,,,,,,,,,,,,,,,,,,
177,678726,680726,169.6815,500.0,1.3756250143051147,0.26825797991752626,False,False,False,no_morphology_candidate,False,,,,,,,,,,,,,,,,,,,,,,,,
178,680726,682726,170.1815,500.0,-0.5784375071525574,0.12787426060438156,False,False,False,no_morphology_candidate,False,,,,,,,,,,,,,,,,,,,,,,,,
179,682726,684726,170.6815,500.0,2.327812433242798,0.17513206844329832,False,False,False,no_morphology_candidate,False,,,,,,,,,,,,,,,,,,,,,,,,
180,684726,686734,171.1815,502.0,-0.19875000417232513,0.3150525060754269,False,False,False,no_morphology_candidate,False,,,,,,,,,,,,,,,,,,,,,,,,
181,686734,688735,171.6835,500.25,-0.07562500238418579,0.07644656691849232,False,False,False,no_morphology_candidate,False,,,,,,,,,,,,,,,,,,,,,,,,
182,688735,690735,172.18375,500.0,0.3218750059604645,0.246018912756443,False,False,False,no_morphology_candidate,False,,,,,,,,,,,,,,,,,,,,,,,,
183,690735,692735,172.68375,500.0,-0.21125000715255737,0.1431635695695877,False,False,False,no_morphology_candidate,False,,,,,,,,,,,,,,,,,,,,,,,,
184,692735,694734,173.18375,499.75,0.15281249582767487,0.3039329918257892,False,True,False,candidate_not_significant,False,173.18375,11.0,13.25,21.25,16.5,21.25,10.25,5.5,-0.3062500059604645,0.2006250023841858,0.45906250178813934,0.5068750083446503,0.25312500447034836,0.1459375023841858,0.5068750083446503,1.1041524985601563,6.219983841879799,0.3039329918257892,1.5104069453942945,1.6677196025997238,0.4801634120320687,native,matched_auto_manual_robust_mad,below_snr
185,694734,696735,173.6835,500.25,2.305312395095825,0.12787399549484252,False,False,False,no_morphology_candidate,False,,,,,,,,,,,,,,,,,,,,,,,,
186,696735,698734,174.18375,499.75,-0.2615624964237213,0.11351155366301537,False,False,False,no_morphology_candidate,False,,,,,,,,,,,,,,,,,,,,,,,,
187,698734,700734,174.6835,500.0,0.008124999701976776,0.3789896280929446,False,False,False,no_morphology_candidate,False,,,,,,,,,,,,,,,,,,,,,,,,
188,700734,702734,175.1835,500.0,0.4087499976158142,0.10748848586082457,False,True,True,significant_er,True,175.1835,12.5,16.75,21.5,18.75,21.5,9.0,6.25,-0.8184375166893005,0.6159374713897705,1.2271875143051147,1.434374988079071,0.6700000166893005,0.8265625163912773,1.434374988079071,1.16883114549228,3.983437310025736,0.12092456868588923,10.148372060708587,11.861733340599868,6.835356333073524,native,matched_auto_manual_robust_mad,significant
189,702734,704734,175.6835,500.0,1.3665624856948853,1.4881597446978092,True,False,False,no_morphology_candidate,False,,,,,,,,,,,,,,,,,,,,,,,,
190,704734,706734,176.1835,500.0,-0.08624999970197678,0.08988261660486459,False,False,False,no_morphology_candidate,False,,,,,,,,,,,,,,,,,,,,,,,,
191,706734,708734,176.6835,500.0,-0.08656249940395355,0.17142561616301535,False,False,False,no_morphology_candidate,False,,,,,,,,,,,,,,,,,,,,,,,,
192,708734,710734,177.1835,500.0,-0.7484375238418579,0.06903355189561844,False,False,False,no_morphology_candidate,False,,,,,,,,,,,,,,,,,,,,,,,,
193,710734,712734,177.6835,500.0,-0.24437500536441803,0.13389730631411076,False,False,False,no_morphology_candidate,False,,,,,,,,,,,,,,,,,,,,,,,,
194,712734,714734,178.1835,500.0,0.17499999701976776,0.11582812499999999,False,False,False,no_morphology_candidate,False,,,,,,,,,,,,,,,,,,,,,,,,
195,714734,716734,178.6835,500.0,-0.4140625,0.18347170758247375,False,False,False,no_morphology_candidate,False,,,,,,,,,,,,,,,,,,,,,,,,
196,716734,718734,179.1835,500.0,-0.2928124964237213,0.07459329659342766,False,False,False,no_morphology_candidate,False,,,,,,,,,,,,,,,,,,,,,,,,
197,718734,720734,179.6835,500.0,-0.6234375238418579,0.07737319103479386,False,False,False,no_morphology_candidate,False,,,,,,,,,,,,,,,,,,,,,,,,
198,720734,722734,180.1835,500.0,-0.008750000037252903,0.13760381244476882,False,False,False,no_morphology_candidate,False,,,,,,,,,,,,,,,,,,,,,,,,
199,722734,724734,180.6835,500.0,3.6103124618530273,0.41976101188659665,False,False,False,no_morphology_candidate,False,,,,,,,,,,,,,,,,,,,,,,,,
200,724734,726734,181.1835,500.0,-0.12468750029802322,0.10934175066277384,False,False,False,no_morphology_candidate,False,,,,,,,,,,,,,,,,,,,,,,,,
201,726734,728734,181.6835,500.0,-0.44874998927116394,0.4257841680586338,False,False,False,no_morphology_candidate,False,,,,,,,,,,,,,,,,,,,,,,,,
202,728734,730726,182.1835,498.0,1.4871875047683716,0.3030064174175262,False,False,False,no_morphology_candidate,False,,,,,,,,,,,,,,,,,,,,,,,,
203,730726,732734,182.6815,502.0,0.6728125214576721,0.14918659318685532,False,False,False,no_morphology_candidate,False,,,,,,,,,,,,,,,,,,,,,,,,
204,732734,734734,183.1835,500.0,-0.3268750011920929,0.09775892159342765,False,False,False,no_morphology_candidate,False,,,,,,,,,,,,,,,,,,,,,,,,
205,734734,736734,183.6835,500.0,-0.9115625023841858,0.11721809431314467,False,False,False,no_morphology_candidate,False,,,,,,,,,,,,,,,,,,,,,,,,
206,736734,738734,184.1835,500.0,0.3043749928474426,0.13297068219780922,False,False,False,no_morphology_candidate,False,,,,,,,,,,,,,,,,,,,,,,,,
207,738734,740734,184.6835,500.0,0.22437499463558197,0.07690986793041228,False,False,False,no_morphology_candidate,False,,,,,,,,,,,,,,,,,,,,,,,,
208,740734,742734,185.1835,500.0,-0.5274999737739563,0.0759833100914955,False,False,False,no_morphology_candidate,False,,,,,,,,,,,,,,,,,,,,,,,,
209,742734,744734,185.6835,500.0,0.0024999999441206455,0.05698743493175134,False,False,False,no_morphology_candidate,False,,,,,,,,,,,,,,,,,,,,,,,,
210,744734,746734,186.1835,500.0,-0.0043750000186264515,0.13158075223686172,False,False,False,no_morphology_candidate,False,,,,,,,,,,,,,,,,,,,,,,,,
211,746734,748734,186.6835,500.0,0.5737500190734863,0.11304827474355697,False,False,False,no_morphology_candidate,False,,,,,,,,,,,,,,,,,,,,,,,,
212,748734,750734,187.1835,500.0,-0.39906251430511475,0.069496875,False,False,False,no_morphology_candidate,False,,,,,,,,,,,,,,,,,,,,,,,,
213,750734,752734,187.6835,500.0,0.08124999701976776,0.12370444103479385,False,False,False,no_morphology_candidate,False,,,,,,,,,,,,,,,,,,,,,,,,
214,752734,754734,188.1835,500.0,-0.15468749403953552,0.08571283017396926,False,False,False,no_morphology_candidate,False,,,,,,,,,,,,,,,,,,,,,,,,
215,754734,756734,188.6835,500.0,2.380625009536743,0.3252452194690704,False,False,False,no_morphology_candidate,False,,,,,,,,,,,,,,,,,,,,,,,,
216,756734,758734,189.1835,500.0,0.24718749523162842,0.18625161307007074,False,False,False,no_morphology_candidate,False,,,,,,,,,,,,,,,,,,,,,,,,
217,758734,760734,189.6835,500.0,-0.31562501192092896,0.16262265391945838,False,False,False,no_morphology_candidate,False,,,,,,,,,,,,,,,,,,,,,,,,
218,760734,762734,190.1835,500.0,-0.4099999964237213,0.07737319103479386,False,False,False,no_morphology_candidate,False,,,,,,,,,,,,,,,,,,,,,,,,
219,762734,764734,190.6835,500.0,-0.2096875011920929,0.04077150530219078,False,False,False,no_morphology_candidate,False,,,,,,,,,,,,,,,,,,,,,,,,
220,764734,766734,191.1835,500.0,-0.01875000074505806,0.32709861682578917,False,False,False,no_morphology_candidate,False,,,,,,,,,,,,,,,,,,,,,,,,
221,766734,768734,191.6835,500.0,-0.1915625035762787,0.08710275530219078,False,False,False,no_morphology_candidate,False,,,,,,,,,,,,,,,,,,,,,,,,
222,768734,770734,192.1835,500.0,0.039374999701976776,0.10748849690705538,False,False,False,no_morphology_candidate,False,,,,,,,,,,,,,,,,,,,,,,,,
223,770734,772734,192.6835,500.0,-0.2265625,0.11675477120876311,False,False,False,no_morphology_candidate,False,,,,,,,,,,,,,,,,,,,,,,,,
224,772734,774734,193.1835,500.0,0.34718748927116394,0.08339621465206146,False,False,False,no_morphology_candidate,False,,,,,,,,,,,,,,,,,,,,,,,,
225,774734,776734,193.6835,500.0,-1.300937533378601,0.0931259114742279,False,False,False,no_morphology_candidate,False,,,,,,,,,,,,,,,,,,,,,,,,
226,776734,1011972,194.1835,58809.5,0.34375,0.08432286086082458,False,False,False,no_morphology_candidate,False,,,,,,,,,,,,,,,,,,,,,,,,
227,1011972,1013971,252.993,499.75,-0.09156250208616257,0.13111744052390567,False,False,False,no_morphology_candidate,False,,,,,,,,,,,,,,,,,,,,,,,,
228,1013971,1015972,253.49275,500.25,0.1693750023841858,0.16030612676739692,False,True,False,candidate_not_significant,False,253.49275,15.0,20.25,40.25,22.75,40.25,25.25,7.75,-0.18000000715255737,0.2809374928474426,0.34937500953674316,0.4609375,0.18906250689178705,0.20000000670552254,0.4609375,1.319320178656121,4.406384931713251,0.16030612676739692,2.179423934580391,2.8753579747380282,1.2476129935802214,native,matched_auto_manual_robust_mad,below_snr
229,1015972,1017972,253.993,500.0,-0.008437500335276127,0.08107968611922114,False,False,False,no_morphology_candidate,False,,,,,,,,,,,,,,,,,,,,,,,,
230,1017972,1019971,254.493,499.75,0.1784375011920929,0.13945706205815075,False,False,False,no_morphology_candidate,False,,,,,,,,,,,,,,,,,,,,,,,,
231,1019971,1021971,254.99275,500.0,-0.08624999970197678,0.1320440622238442,False,True,True,significant_er,True,254.99275,14.75,18.75,26.75,21.75,26.75,12.0,7.0,-0.6646875143051147,0.2084375023841858,0.578437514603138,0.8731250166893005,0.2981250286102295,0.5587500110268593,0.8731250166893005,1.5094543397454878,4.283233857807671,0.1320440622238442,4.3806401049867505,6.61237621733538,4.231542120232965,native,matched_auto_manual_robust_mad,significant
232,1021971,1023971,255.49275,500.0,-0.1340624988079071,0.06625367954671382,False,False,False,no_morphology_candidate,False,,,,,,,,,,,,,,,,,,,,,,,,
233,1023971,1025971,255.99275,500.0,0.3762499988079071,0.11721805012822151,False,True,False,candidate_not_significant,False,255.99275,13.75,18.25,23.0,20.25,23.0,9.25,6.5,-0.013437500223517418,0.28062498569488525,0.3896874990314245,0.29406248591840267,0.2143749948590994,0.29406248591840267,0.29406248591840267,0.7546110322997284,5.034324528273524,0.12092456868588923,3.222566789083759,2.4317844513653166,2.4317844513653166,native,matched_auto_manual_robust_mad,below_snr
234,1025971,1027971,256.49275,500.0,-0.11812499910593033,0.053280930872261524,False,True,True,significant_er,True,256.49275,18.5,20.0,40.0,23.0,40.0,21.5,4.5,-1.3606250286102295,0.4440625011920929,1.2425000295042992,1.8046875298023224,0.7015625238418579,0.8521875143051147,1.8046875298023224,1.452464778228062,5.012728581069069,0.12092456868588923,10.275000713310689,14.924076632351987,7.047265279223254,native,matched_auto_manual_robust_mad,significant
235,1027971,1029971,256.99275,500.0,-0.0871874988079071,0.1519664986744523,False,False,False,no_morphology_candidate,False,,,,,,,,,,,,,,,,,,,,,,,,
236,1029971,1031971,257.49275,500.0,-0.11437500268220901,0.11999793904647231,False,False,False,no_morphology_candidate,False,,,,,,,,,,,,,,,,,,,,,,,,
237,1031971,1033971,257.99275,500.0,0.0793749988079071,0.061157246907055374,False,False,False,no_morphology_candidate,False,,,,,,,,,,,,,,,,,,,,,,,,
238,1033971,1035971,258.49275,500.0,-0.04062499850988388,0.13389731736034155,False,True,False,candidate_not_significant,False,258.49275,21.0,22.0,39.25,25.25,39.25,18.25,4.25,-0.7878124713897705,0.676562488079071,0.7471874728798866,1.4643749594688416,0.3943749666213989,0.1915624737739563,1.4643749594688416,1.9598494522729313,8.483590692279138,0.13389731736034155,5.580302037486471,10.936551891685383,1.4306670032710778,native,matched_auto_manual_robust_mad,below_snr
239,1035971,1037971,258.99275,500.0,-0.10781250149011612,0.12972749779075382,False,False,False,no_morphology_candidate,False,,,,,,,,,,,,,,,,,,,,,,,,
240,1037971,1039971,259.49275,500.0,-0.2018750011920929,0.15057656249999998,False,False,False,no_morphology_candidate,False,,,,,,,,,,,,,,,,,,,,,,,,
241,1039971,1041971,259.99275,500.0,-0.01718750037252903,0.09729562886618077,False,False,False,no_morphology_candidate,False,,,,,,,,,,,,,,,,,,,,,,,,
242,1041971,1043971,260.49275,500.0,-0.28437501192092896,0.1450167736172676,False,False,False,no_morphology_candidate,False,,,,,,,,,,,,,,,,,,,,,,,,
243,1043971,1045971,260.99275,500.0,0.24843749403953552,0.26594136439561844,False,False,False,no_morphology_candidate,False,,,,,,,,,,,,,,,,,,,,,,,,
244,1045971,1047971,261.49275,500.0,-0.1599999964237213,0.08061638648808002,False,False,False,no_morphology_candidate,False,,,,,,,,,,,,,,,,,,,,,,,,
245,1047971,1049971,261.99275,500.0,0.041875001043081284,0.0565241208024323,False,False,False,no_morphology_candidate,False,,,,,,,,,,,,,,,,,,,,,,,,
246,1049971,1051971,262.49275,500.0,0.06562499701976776,0.13111743396520614,False,False,False,no_morphology_candidate,False,,,,,,,,,,,,,,,,,,,,,,,,
247,1051971,1053971,262.99275,500.0,-0.1171875,0.015752632069587706,False,False,False,no_morphology_candidate,False,,,,,,,,,,,,,,,,,,,,,,,,
248,1053971,1055971,263.49275,500.0,-0.07343749701976776,0.08988262074720114,False,False,False,no_morphology_candidate,False,,,,,,,,,,,,,,,,,,,,,,,,
249,1055971,1057971,263.99275,500.0,-0.17093749344348907,0.11721805012822151,False,False,False,no_morphology_candidate,False,,,,,,,,,,,,,,,,,,,,,,,,
250,1057971,1059971,264.49275,500.0,-0.09812500327825546,0.12555769202895462,False,False,False,no_morphology_candidate,False,,,,,,,,,,,,,,,,,,,,,,,,
251,1059971,1061971,264.99275,500.0,-0.06843750178813934,0.12509436616301536,False,False,False,no_morphology_candidate,False,,,,,,,,,,,,,,,,,,,,,,,,
252,1061971,1063971,265.49275,500.0,-0.11156249791383743,0.060230622790753835,False,False,False,no_morphology_candidate,False,,,,,,,,,,,,,,,,,,,,,,,,
253,1063971,1065971,265.99275,500.0,0.08656249940395355,0.14409018678199498,False,False,False,no_morphology_candidate,False,,,,,,,,,,,,,,,,,,,,,,,,
254,1065971,1067971,266.49275,500.0,-0.037812501192092896,0.20571075265109537,False,False,False,no_morphology_candidate,False,,,,,,,,,,,,,,,,,,,,,,,,
255,1067971,1069971,266.99275,500.0,0.19562500715255737,0.09358914620876312,False,True,True,significant_er,True,266.99275,19.75,21.75,41.75,26.25,41.75,22.0,6.5,-1.1203124523162842,-0.19187499582767487,1.3159374594688416,0.9284374564886093,0.7615624666213989,0.34812498092651367,0.9284374564886093,0.7055331161887884,6.34779552140341,0.12092456868588923,10.88230021218508,7.677823180004853,2.8788606377484363,native,matched_auto_manual_robust_mad,significant
256,1069971,1071971,267.49275,500.0,-0.16593749821186066,0.13065412190705536,False,False,False,no_morphology_candidate,False,,,,,,,,,,,,,,,,,,,,,,,,
257,1071971,1073971,267.99275,500.0,0.19593749940395355,0.09822224469780921,False,False,False,no_morphology_candidate,False,,,,,,,,,,,,,,,,,,,,,,,,
258,1073971,1075971,268.49275,500.0,-0.18468749523162842,0.1445534946978092,False,False,False,no_morphology_candidate,False,,,,,,,,,,,,,,,,,,,,,,,,
259,1075971,1077971,268.99275,500.0,-0.02437499910593033,0.13389730631411076,False,False,False,no_morphology_candidate,False,,,,,,,,,,,,,,,,,,,,,,,,
260,1077971,1079971,269.49275,500.0,-0.10406249761581421,0.055134190151095386,False,False,False,no_morphology_candidate,False,,,,,,,,,,,,,,,,,,,,,,,,
261,1079971,1081971,269.99275,500.0,-0.0021875000093132257,0.11490150399045086,False,False,False,no_morphology_candidate,False,,,,,,,,,,,,,,,,,,,,,,,,
262,1081971,1083971,270.49275,500.0,0.008124999701976776,0.12370444103479385,False,False,False,no_morphology_candidate,False,,,,,,,,,,,,,,,,,,,,,,,,
263,1083971,1085971,270.99275,500.0,-0.29093751311302185,0.13992039620876312,False,False,False,no_morphology_candidate,False,,,,,,,,,,,,,,,,,,,,,,,,
264,1085971,1087971,271.49275,500.0,-0.02031249925494194,0.16493925287202,False,False,False,no_morphology_candidate,False,,,,,,,,,,,,,,,,,,,,,,,,
265,1087971,1089971,271.99275,500.0,0.04937500134110451,0.05976730520948767,False,False,False,no_morphology_candidate,False,,,,,,,,,,,,,,,,,,,,,,,,
266,1089971,1091971,272.49275,500.0,-0.09468749910593033,0.10748849690705538,False,False,False,no_morphology_candidate,False,,,,,,,,,,,,,,,,,,,,,,,,
267,1091971,1093971,272.99275,500.0,0.16437500715255737,0.055134190151095386,False,False,False,no_morphology_candidate,False,,,,,,,,,,,,,,,,,,,,,,,,
268,1093971,1095971,273.49275,500.0,-0.0006249999860301614,0.03521174869516398,False,False,False,no_morphology_candidate,False,,,,,,,,,,,,,,,,,,,,,,,,
269,1095971,1097971,273.99275,500.0,0.04906250163912773,0.21080717976763844,False,False,False,no_morphology_candidate,False,,,,,,,,,,,,,,,,,,,,,,,,
270,1097971,1099971,274.49275,500.0,-0.029999999329447746,0.02779874834306538,False,True,True,significant_er,True,274.49275,15.75,17.75,30.0,21.0,30.0,14.25,5.25,-1.161562442779541,0.7149999737739563,1.1315624434500933,1.8765624165534973,0.669374942779541,1.3471874445676804,1.8765624165534973,1.6583816716573996,3.8182758135006716,0.12092456868588923,9.35758924548586,15.518454495612145,11.140725654081944,native,matched_auto_manual_robust_mad,significant
271,1099971,1101971,274.99275,500.0,-0.05781250074505806,0.05374425121508539,False,True,True,significant_er,True,274.99275,19.0,20.5,40.5,24.25,40.5,21.5,5.25,-1.5359375476837158,0.3278124928474426,1.4781250469386578,1.8637500405311584,0.8025000691413879,0.7043750286102295,1.8637500405311584,1.2608879366405217,4.265172820043148,0.12092456868588923,12.223529618519459,15.412501039159304,5.824912474485621,native,matched_auto_manual_robust_mad,significant
272,1101971,1103971,275.49275,500.0,-0.08156249672174454,0.10563524453211576,False,False,False,no_morphology_candidate,False,,,,,,,,,,,,,,,,,,,,,,,,
273,1103971,1105971,275.99275,500.0,0.010312500409781933,0.063010499281995,False,False,False,no_morphology_candidate,False,,,,,,,,,,,,,,,,,,,,,,,,
274,1105971,1107971,276.49275,500.0,-0.020937500521540642,0.06857025088369846,False,False,False,no_morphology_candidate,False,,,,,,,,,,,,,,,,,,,,,,,,
275,1107971,1109971,276.99275,500.0,0.008437500335276127,0.08478618258442729,False,False,False,no_morphology_candidate,False,,,,,,,,,,,,,,,,,,,,,,,,
276,1109971,1111971,277.49275,500.0,0.3421874940395355,0.1315807570695877,False,False,False,no_morphology_candidate,False,,,,,,,,,,,,,,,,,,,,,,,,
277,1111971,1113971,277.99275,500.0,-0.1274999976158142,0.054207566034793854,False,False,False,no_morphology_candidate,False,,,,,,,,,,,,,,,,,,,,,,,,
278,1113971,1115971,278.49275,500.0,0.01656249910593033,0.12277780587226152,False,False,False,no_morphology_candidate,False,,,,,,,,,,,,,,,,,,,,,,,,
279,1115971,1117971,278.99275,500.0,0.06093750149011612,0.112121627154015,False,True,False,candidate_not_significant,False,278.99275,19.75,21.75,35.0,26.0,35.0,15.25,6.25,-0.8912500143051147,0.1928125023841858,0.9521875157952309,1.0840625166893005,0.5350000262260437,0.23000001907348633,1.0840625166893005,1.13849688082072,4.995900313460509,0.12092456868588923,7.8742270999420345,8.964782992157991,1.9020123170414516,native,matched_auto_manual_robust_mad,below_snr
280,1117971,1119971,279.49275,500.0,-0.09687499701976776,0.04494132487177849,False,True,False,candidate_not_significant,False,279.49275,20.25,22.75,41.75,26.25,41.75,21.5,6.0,-1.7981250286102295,0.08906249701976776,1.7012500315904617,1.8871875256299973,0.9303125143051147,0.15812504291534424,1.8871875256299973,1.1092946307637723,5.140915410513332,0.12092456868588923,14.068688026579514,15.606320089775226,1.307633714419822,native,matched_auto_manual_robust_mad,below_snr
281,1119971,1121971,279.99275,500.0,-0.14124999940395355,0.07505661969780922,False,False,False,no_morphology_candidate,False,,,,,,,,,,,,,,,,,,,,,,,,
282,1121971,1123971,280.49275,500.0,1.7374999523162842,0.17374218749999998,False,False,False,no_morphology_candidate,False,,,,,,,,,,,,,,,,,,,,,,,,
283,1123971,1125971,280.99275,500.0,0.21312500536441803,0.1357505545467138,False,False,False,no_morphology_candidate,False,,,,,,,,,,,,,,,,,,,,,,,,
284,1125971,1127971,281.49275,500.0,0.03687499836087227,0.13204405808150768,False,False,False,no_morphology_candidate,False,,,,,,,,,,,,,,,,,,,,,,,,
285,1127971,1129971,281.99275,500.0,-0.1887499988079071,0.12138786969780921,False,True,False,candidate_not_significant,False,281.99275,20.25,22.0,33.25,26.75,33.25,13.0,6.5,-1.1659375429153442,0.1381250023841858,0.9771875441074371,1.30406254529953,0.5375000238418579,0.20906251668930054,1.30406254529953,1.33450590233491,6.487222148035786,0.12138786969780921,8.050125161106385,10.742939542031237,1.7222686023715075,native,matched_auto_manual_robust_mad,below_snr
286,1129971,1131971,282.49275,500.0,-0.06343749910593033,0.13760381106399,False,True,False,candidate_not_significant,False,282.49275,21.75,23.5,32.75,26.25,32.75,11.0,4.5,-0.9668750166893005,0.06437499821186066,0.9034375175833702,1.0312500149011612,0.6150000095367432,0.051562488079071045,1.0312500149011612,1.141473532845614,8.42891816907622,0.13760381106399,6.565497791069493,7.4943419584621696,0.37471700587633366,native,matched_auto_manual_robust_mad,below_snr
287,1131971,1133971,282.99275,500.0,-0.20499999821186066,0.04540462588369846,False,False,False,no_morphology_candidate,False,,,,,,,,,,,,,,,,,,,,,,,,
288,1133971,1135971,283.49275,500.0,-0.12343750149011612,0.10331867733746766,False,False,False,no_morphology_candidate,False,,,,,,,,,,,,,,,,,,,,,,,,
289,1135971,1137971,283.99275,500.0,-0.05062500014901161,0.12926418020948766,False,False,False,no_morphology_candidate,False,,,,,,,,,,,,,,,,,,,,,,,,
290,1137971,1139971,284.49275,500.0,-0.10718750208616257,0.12555767822116612,False,False,False,no_morphology_candidate,False,,,,,,,,,,,,,,,,,,,,,,,,
291,1139971,1141971,284.99275,500.0,-0.21312500536441803,0.06347378510534762,False,True,True,significant_er,True,284.99275,18.25,20.25,35.5,24.25,35.5,17.25,6.0,-1.152500033378601,0.3096874952316284,0.939375028014183,1.4621875286102295,0.6006250381469727,0.45218753814697266,1.4621875286102295,1.5565535435844615,4.313911277221249,0.12092456868588923,7.768272719287353,12.091732428737231,3.7394182428019587,native,matched_auto_manual_robust_mad,significant
292,1141971,1143971,285.49275,500.0,0.051874998956918716,0.12324112345352768,False,False,False,no_morphology_candidate,False,,,,,,,,,,,,,,,,,,,,,,,,
293,1143971,1145971,285.99275,500.0,-0.02968749962747097,0.1186080001104623,False,False,False,no_morphology_candidate,False,,,,,,,,,,,,,,,,,,,,,,,,
294,1145971,1147971,286.49275,500.0,-0.09437499940395355,0.14270024905416648,False,False,False,no_morphology_candidate,False,,,,,,,,,,,,,,,,,,,,,,,,
295,1147971,1149971,286.99275,500.0,0.20781250298023224,0.13065413295328615,False,False,False,no_morphology_candidate,False,,,,,,,,,,,,,,,,,,,,,,,,
296,1149971,1151972,287.49275,500.25,0.07312499731779099,0.10331869942992924,False,True,True,significant_er,True,287.49275,16.0,17.75,34.75,22.75,34.75,18.75,6.75,-0.8596875071525574,0.22218750417232513,0.9328125044703484,1.0818750113248825,0.6196875125169754,0.5125000178813934,1.0818750113248825,1.1597990015573085,1.1574214230165087,0.12092456868588923,7.714003155912839,8.946693158237638,4.238179415902249,native,matched_auto_manual_robust_mad,significant
297,1151972,1153968,287.993,499.0,-0.05531249940395355,0.1199979445695877,False,True,True,significant_er,True,287.993,18.75,20.5,37.0,23.25,37.0,18.25,4.5,-1.0206249952316284,0.296875,0.9653124958276749,1.3174999952316284,0.6065624952316284,0.614062488079071,1.3174999952316284,1.3648429922187864,4.725815126462638,0.12092456868588923,7.9827656721699585,10.895221786185857,5.0780622561007025,native,matched_auto_manual_robust_mad,significant
298,1153968,1155973,288.492,501.25,-0.08812499791383743,0.13250737013965844,False,True,False,candidate_not_significant,False,288.492,20.75,22.75,42.75,30.25,42.75,22.0,9.5,-1.191562533378601,-0.0021875000093132257,1.1034375354647636,1.1893750333692878,0.5800000429153442,0.07875001430511475,1.1893750333692878,1.0778816155355162,7.925073826020153,0.13250737013965844,8.327367257396903,8.975916072560533,0.594306673071202,native,matched_auto_manual_robust_mad,below_snr
299,1155973,1157973,288.99325,500.0,-0.11312499642372131,0.09173587588369846,False,True,True,significant_er,True,288.99325,17.0,19.25,34.5,25.25,34.5,17.5,8.25,-1.3621875047683716,0.23343749344348907,1.2490625083446503,1.5956249982118607,0.7787500023841858,0.5171874761581421,1.5956249982118607,1.2774580836042388,3.878371119341332,0.12092456868588923,10.329269907004466,13.19520934043286,4.276942905635462,native,matched_auto_manual_robust_mad,significant
300,1157973,1159971,289.49325,499.5,-0.12187500298023224,0.09451575375571847,False,True,True,significant_er,True,289.49325,17.75,19.75,33.0,26.25,33.0,15.25,8.5,-1.3221875429153442,0.03437500074505806,1.200312539935112,1.3565625436604023,0.6715625524520874,0.42625004053115845,1.3565625436604023,1.1301744325138328,4.87197506622015,0.12092456868588923,9.926126286652426,11.218254143078044,3.524925043465529,native,matched_auto_manual_robust_mad,significant
301,1159971,1161971,289.99275,500.0,-0.03218749910593033,0.11999793352335691,False,False,False,no_morphology_candidate,False,,,,,,,,,,,,,,,,,,,,,,,,
302,1161971,1163970,290.49275,499.75,-0.012187499552965164,0.12648430786058307,False,False,False,no_morphology_candidate,False,,,,,,,,,,,,,,,,,,,,,,,,
303,1163970,1165969,290.9925,499.75,0.14218750596046448,0.1362138555586338,False,False,False,no_morphology_candidate,False,,,,,,,,,,,,,,,,,,,,,,,,
304,1165969,1167971,291.49225,500.49999999999994,-0.12999999523162842,0.12926418020948766,False,False,False,no_morphology_candidate,False,,,,,,,,,,,,,,,,,,,,,,,,
305,1167971,1169968,291.99275,499.25,-0.007499999832361937,0.12463106584148481,False,False,False,no_morphology_candidate,False,,,,,,,,,,,,,,,,,,,,,,,,
306,1169968,1171967,292.492,499.75,-0.27250000834465027,0.11768139532506465,False,True,False,candidate_not_significant,False,292.492,13.5,16.0,23.25,18.25,23.25,9.75,4.75,-0.6287500262260437,-0.1706250011920929,0.35625001788139343,0.4581250250339508,0.20593753457069397,0.2521875202655792,0.4581250250339508,1.2859649180045085,4.82886380715304,0.12092456868588923,2.9460515902833606,3.7885189917357938,2.0854944781374867,native,matched_auto_manual_robust_mad,below_snr
307,1171967,1173967,292.99175,500.0,-0.010312500409781933,0.12138787384014577,False,False,False,no_morphology_candidate,False,,,,,,,,,,,,,,,,,,,,,,,,
308,1173967,1175967,293.49175,500.0,0.10406249761581421,0.14362687058150767,False,True,True,significant_er,True,293.49175,12.25,14.25,34.25,20.0,34.25,22.0,7.75,-1.0281250476837158,-0.014687499962747097,1.13218754529953,1.0134375477209687,0.7206250429153442,0.6546875536441803,1.0134375477209687,0.8951145522916479,5.318038624771498,0.14362687058150767,7.88283933720479,7.056044204109057,4.558252581801173,native,matched_auto_manual_robust_mad,significant
309,1175967,1177966,293.99175,499.75,-0.06468749791383743,0.12648431062214077,False,False,False,no_morphology_candidate,False,,,,,,,,,,,,,,,,,,,,,,,,
310,1177966,1179966,294.4915,500.0,0.0715624988079071,0.1329706849593669,False,False,False,no_morphology_candidate,False,,,,,,,,,,,,,,,,,,,,,,,,
311,1179966,1181966,294.9915,500.0,-0.1431249976158142,0.12138786969780921,False,False,False,no_morphology_candidate,False,,,,,,,,,,,,,,,,,,,,,,,,
312,1181966,1183966,295.4915,500.0,-0.14749999344348907,0.14687006603479386,False,True,True,significant_er,True,295.4915,17.0,18.25,38.25,20.5,38.25,21.25,3.5,-0.8918750286102295,0.5831249952316284,0.7443750351667404,1.475000023841858,0.41750001907348633,0.9834375306963921,1.475000023841858,1.981528066039261,6.081405723543246,0.14687006603479386,5.068255603496469,10.042890724189006,6.6959698272581525,native,matched_auto_manual_robust_mad,significant
313,1183966,1185965,295.9915,499.75,-0.13968749344348907,0.1315807570695877,False,False,False,no_morphology_candidate,False,,,,,,,,,,,,,,,,,,,,,,,,
314,1185965,1187965,296.49125,500.0,-0.078125,0.05235431227907538,False,True,True,significant_er,True,296.49125,14.0,16.5,36.5,19.25,36.5,22.5,5.25,-0.6271874904632568,0.004999999888241291,0.5490624904632568,0.6346874879673123,0.3609374761581421,0.42499999701976776,0.6321874903514981,1.1513944247368033,2.198078311142316,0.12092456868588923,4.5405371003595505,5.2486231281581945,3.5145876610379947,native,matched_auto_manual_robust_mad,significant
315,1187965,1189965,296.99125,500.0,-0.05999999865889549,0.08941931050132261,False,False,False,no_morphology_candidate,False,,,,,,,,,,,,,,,,,,,,,,,,
316,1189965,1191965,297.49125,500.0,-0.19625000655651093,0.0838595819413662,False,False,False,no_morphology_candidate,False,,,,,,,,,,,,,,,,,,,,,,,,
317,1191965,1193965,297.99125,500.0,-0.2121874988079071,0.04123480631411076,False,False,False,no_morphology_candidate,False,,,,,,,,,,,,,,,,,,,,,,,,
318,1193965,1195965,298.49125,500.0,-0.07874999940395355,0.13992037411630154,False,False,False,no_morphology_candidate,False,,,,,,,,,,,,,,,,,,,,,,,,
319,1195965,1197965,298.99125,500.0,0.4025000035762787,0.16308602120876312,False,False,False,no_morphology_candidate,False,,,,,,,,,,,,,,,,,,,,,,,,
320,1197965,1199965,299.49125,500.0,-0.11093749850988388,0.1172180611744523,False,True,True,significant_er,True,299.49125,18.0,19.5,38.0,22.0,38.0,20.0,4.0,-0.7231249809265137,0.2421875,0.6121874824166298,0.9653124809265137,0.34312498569488525,0.5446874797344208,0.9653124809265137,1.5768249248023034,4.992460154911255,0.12092456868588923,5.062556675367049,7.982765548943046,4.504357432518845,native,matched_auto_manual_robust_mad,significant
321,1199965,1201965,299.99125,500.0,-0.08656249940395355,0.11073168131411075,False,True,True,significant_er,True,299.99125,15.25,17.25,37.25,21.75,37.25,22.0,6.5,-1.5075000524520874,-0.0859375,1.4209375530481339,1.4215625524520874,0.8062500357627869,0.9159375429153442,1.4215625524520874,1.0004398500149516,1.7999535591475582,0.12092456868588923,11.75061088486598,11.755779391239379,7.574453668671432,native,matched_auto_manual_robust_mad,significant
322,1201965,1203965,300.49125,500.0,-0.037812501192092896,0.09868556504063308,False,True,True,significant_er,True,300.49125,16.5,18.5,38.5,23.75,38.5,22.0,7.25,-2.156874895095825,-0.09875000268220901,2.1190623939037323,2.058124892413616,1.1112499237060547,1.0978124141693115,2.058124892413616,0.9712431773290747,3.2253139577067844,0.12092456868588923,17.523836693667754,17.019906829353697,9.078489393011298,native,matched_auto_manual_robust_mad,significant
323,1203965,1205965,300.99125,500.0,-0.1574999988079071,0.10517193661630153,False,True,True,significant_er,True,300.99125,15.75,18.5,30.25,22.5,30.25,14.5,6.75,-2.2743749618530273,-0.27437499165534973,2.1168749630451202,1.9999999701976776,1.2087500095367432,1.5540624856948853,1.9999999701976776,0.9447889011454327,3.1805708969214685,0.12092456868588923,17.50574747588196,16.53923592146795,12.85150323530763,native,matched_auto_manual_robust_mad,significant
324,1205965,1207965,301.49125,500.0,-0.03437500074505806,0.11397487124428153,False,True,True,significant_er,True,301.49125,15.0,17.0,37.0,23.0,37.0,22.0,8.0,-1.5449999570846558,0.5331249833106995,1.5106249563395977,2.0781249403953552,0.7803124785423279,1.0293749570846558,2.0781249403953552,1.3756723213621926,2.960057785842185,0.12092456868588923,12.492291457028562,17.18529958782357,8.512537760283731,native,matched_auto_manual_robust_mad,significant
325,1207965,1209965,301.99125,500.0,-0.0703125,0.12787424955815077,False,False,False,no_morphology_candidate,False,,,,,,,,,,,,,,,,,,,,,,,,
326,1209965,1211965,302.49125,500.0,-0.18000000715255737,0.11629144810438155,False,False,False,no_morphology_candidate,False,,,,,,,,,,,,,,,,,,,,,,,,
327,1211965,1213964,302.99125,499.75,-0.04593750089406967,0.11165831371508537,False,False,False,no_morphology_candidate,False,,,,,,,,,,,,,,,,,,,,,,,,
328,1213964,1215964,303.491,500.0,0.019999999552965164,0.11443818330243229,False,False,False,no_morphology_candidate,False,,,,,,,,,,,,,,,,,,,,,,,,
329,1215964,1217964,303.991,500.0,0.04437499865889549,0.1431635585233569,False,False,False,no_morphology_candidate,False,,,,,,,,,,,,,,,,,,,,,,,,
330,1217964,1219964,304.491,500.0,-0.3453125059604645,0.1473333891391754,False,False,False,no_morphology_candidate,False,,,,,,,,,,,,,,,,,,,,,,,,
331,1219964,1221964,304.991,500.0,0.015312500298023224,0.10934175066277384,False,True,True,significant_er,True,304.991,14.0,18.5,25.25,19.75,25.25,11.25,5.75,-0.5724999904632568,0.6090624928474426,0.5878124907612801,1.1815624833106995,0.3740624934434891,0.5118749886751175,1.1815624833106995,2.0101010133017922,5.860731104252277,0.12092456868588923,4.860984803577574,9.771070479315894,4.233010663075026,native,matched_auto_manual_robust_mad,significant
332,1221964,1223964,305.491,500.0,0.4399999976158142,0.2010776320695877,False,True,True,significant_er,True,305.491,12.75,15.0,29.25,20.0,29.25,16.5,7.25,-2.5559375286102295,0.4137499928474426,2.9959375262260437,2.969687521457672,1.6340625286102295,2.3518750220537186,2.969687521457672,0.9912381334595323,4.12006811388195,0.2010776320695877,14.8994072358542,14.768860618121566,11.696353283292078,native,matched_auto_manual_robust_mad,significant
333,1223964,1225964,305.991,500.0,-0.1171875,0.1348239304304123,False,True,True,significant_er,True,305.991,14.75,16.75,36.75,21.25,36.75,22.0,6.5,-1.8471875190734863,0.10781250149011612,1.7300000190734863,1.9550000205636024,0.9353125095367432,1.3300000429153442,1.9550000205636024,1.1300578028956418,1.5787591819569977,0.1348239304304123,12.83155010798624,14.500393322776267,9.864717922622848,native,matched_auto_manual_robust_mad,significant
334,1225964,1227964,306.491,500.0,-0.02031249925494194,0.09775893816277384,False,True,True,significant_er,True,306.491,16.25,18.75,38.5,23.25,38.5,22.25,7.0,-2.6806249618530273,0.234375,2.6603124625980854,2.9149999618530273,1.577187418937683,1.7049999833106995,2.9149999618530273,1.0957359343444235,2.705679447958209,0.12092456868588923,21.99976804968765,24.105936399285092,14.099698695139171,native,matched_auto_manual_robust_mad,significant
335,1227964,1229964,306.991,500.0,-0.14218750596046448,0.14964993838369844,False,False,False,no_morphology_candidate,False,,,,,,,,,,,,,,,,,,,,,,,,
336,1229964,1231964,307.491,500.0,-0.2356249988079071,0.14223694545328616,False,True,True,significant_er,True,307.491,14.0,18.25,26.25,22.0,26.25,12.25,8.0,-1.7859375476837158,-0.21875,1.5503125488758087,1.5671875476837158,0.8315625190734863,1.1903125643730164,1.5671875476837158,1.010884901125353,4.332040063340007,0.14223694545328616,10.899506762713536,11.018146816140789,8.368518886423514,native,matched_auto_manual_robust_mad,significant
337,1231964,1233964,307.991,500.0,-0.3046875,0.07413001767396926,False,True,True,significant_er,True,307.991,16.5,18.5,35.75,22.5,35.75,19.25,6.0,-2.154062509536743,-0.11781249940395355,1.8493750095367432,2.0362500101327896,1.0068750381469727,1.201562523841858,2.0362500101327896,1.1010476510347447,1.2610432870590154,0.12092456868588923,15.293625022890389,16.83900990725966,9.936463176172312,native,matched_auto_manual_robust_mad,significant
338,1233964,1235964,308.491,500.0,0.05562499910593033,0.06764362676739692,False,True,True,significant_er,True,308.491,16.75,19.0,39.0,22.25,39.0,22.25,5.5,-1.1775000095367432,0.21437500417232513,1.2331250086426735,1.3918750137090683,0.765312522649765,0.9459375143051147,1.3918750137090683,1.128737965699953,2.559998494184469,0.12092456868588923,10.197472871255878,11.510274783981819,7.822541974594587,native,matched_auto_manual_robust_mad,significant
339,1235964,1237964,308.991,500.0,-0.1368750035762787,0.11814467424452305,False,True,True,significant_er,True,308.991,16.0,18.0,29.25,22.75,29.25,13.25,6.75,-1.7653125524520874,-0.4090625047683716,1.6284375488758087,1.3562500476837158,0.89781254529953,1.0131250619888306,1.3562500476837158,0.8328535832522423,3.7438605962473126,0.12092456868588923,13.46655660278433,11.215669920698073,8.378157333936828,native,matched_auto_manual_robust_mad,significant
340,1237964,1239964,309.491,500.0,-0.1628125011920929,0.06996018705815077,False,False,False,no_morphology_candidate,False,,,,,,,,,,,,,,,,,,,,,,,,
341,1239964,1241963,309.991,499.75,0.12125000357627869,0.16215938052311538,False,False,False,no_morphology_candidate,False,,,,,,,,,,,,,,,,,,,,,,,,
342,1241963,1243963,310.49075,500.0,0.18843750655651093,0.08154301060438156,False,False,False,no_morphology_candidate,False,,,,,,,,,,,,,,,,,,,,,,,,
343,1243963,1245963,310.99075,500.0,-0.03187499940395355,0.14548011881411074,False,True,True,significant_er,True,310.99075,14.5,16.75,36.75,20.75,36.75,22.25,6.25,-1.863124966621399,-0.0690625011920929,1.8312499672174454,1.794062465429306,1.0924999713897705,1.2071874737739563,1.794062465429306,0.9796928314245132,2.0852262592594775,0.14548011881411074,12.58763040713041,12.33201127448689,8.297954961917902,native,matched_auto_manual_robust_mad,significant
344,1245963,1247963,311.49075,500.0,-0.3540624976158142,0.15613630719780922,False,False,False,no_morphology_candidate,False,,,,,,,,,,,,,,,,,,,,,,,,
345,1247963,1249963,311.99075,500.0,0.02812499925494194,0.07598324933722615,False,False,False,no_morphology_candidate,False,,,,,,,,,,,,,,,,,,,,,,,,
346,1249963,1251963,312.49075,500.0,-0.10562500357627869,0.12138788074404,False,True,True,significant_er,True,312.49075,14.0,16.5,29.75,20.0,29.75,15.75,6.0,-2.6703124046325684,0.12718750536441803,2.5646874010562897,2.7974999099969864,1.3843748569488525,2.275937408208847,2.7974999099969864,1.0907761736751274,1.962119313241983,0.12138788074404,21.12803506689619,23.045957247542937,18.74929683473029,native,matched_auto_manual_robust_mad,significant
347,1251963,1253963,312.99075,500.0,-0.2071875035762787,0.12880086262822152,False,True,True,significant_er,True,312.99075,14.5,16.75,36.75,21.0,36.75,22.25,6.5,-2.3506250381469727,-0.4115625023841858,2.143437534570694,1.9390625357627869,1.1912500858306885,1.6831250190734863,1.9390625357627869,0.9046508258292486,2.512073848245157,0.12880086262822152,16.641484310222673,15.054732524267422,13.067653311699928,native,matched_auto_manual_robust_mad,significant
348,1253963,1255963,313.49075,500.0,0.040312498807907104,0.14362687058150767,False,True,True,significant_er,True,313.49075,13.0,15.5,35.5,20.25,35.5,22.5,7.25,-1.963437557220459,0.3659375011920929,2.003750056028366,2.329375058412552,1.1943750381469727,1.3296875357627869,2.329375058412552,1.1625077945248357,3.332165589412742,0.14362687058150767,13.951080657231518,16.218240006076307,9.257930151783086,native,matched_auto_manual_robust_mad,significant
349,1255963,1257963,313.99075,500.0,0.18062500655651093,0.04494132487177849,False,True,True,significant_er,True,313.99075,15.5,17.75,26.75,23.25,26.75,11.25,7.75,-2.3656249046325684,-0.25999999046325684,2.5462499111890793,2.1056249141693115,1.4618749022483826,1.5618749260902405,2.1056249141693115,0.8269513942510068,4.624073171503382,0.12092456868588923,21.056514311853014,17.412713868253128,12.916109133680926,native,matched_auto_manual_robust_mad,significant
350,1257963,1259963,314.49075,500.0,-0.19374999403953552,0.13528725353479384,False,True,True,significant_er,True,314.49075,15.5,18.0,38.0,21.25,38.0,22.5,5.75,-2.331249952316284,0.08968749642372131,2.1374999582767487,2.4209374487400055,1.199062466621399,1.4418749809265137,2.4209374487400055,1.1326023373080034,1.507955947243904,0.13528725353479384,15.799714329532279,17.894793378427014,10.657877540219893,native,matched_auto_manual_robust_mad,significant
351,1259963,1261963,314.99075,500.0,-0.13562500476837158,0.06671700265109538,False,True,True,significant_er,True,314.99075,15.75,18.25,26.0,21.25,26.0,10.25,5.5,-1.0459375381469727,-0.1681250035762787,0.9103125333786011,0.877812534570694,0.4831250309944153,0.7265625298023224,0.877812534570694,0.9642979772152711,3.874795766904084,0.12092456868588923,7.527936988083928,7.259174410213352,6.008394635581657,native,matched_auto_manual_robust_mad,significant
352,1261963,1263963,315.49075,500.0,-0.21656249463558197,0.13714049072116613,False,True,True,significant_er,True,315.49075,14.0,15.75,28.0,19.0,28.0,14.0,5.0,-1.6034375429153442,0.12281250208616257,1.3868750482797623,1.7262500450015068,0.7437500357627869,1.627187542617321,1.7262500450015068,1.2447048111094758,3.3955708144757115,0.13714049072116613,10.112805058424028,12.587457110032632,11.865113899334927,native,matched_auto_manual_robust_mad,significant
353,1263963,1265963,315.99075,500.0,-0.02656250074505806,0.17096230962797998,False,True,True,significant_er,True,315.99075,15.5,17.5,37.5,20.75,37.5,22.0,5.25,-1.0918749570846558,0.3321875035762787,1.0653124563395977,1.4240624606609344,0.6181249618530273,1.0090624541044235,1.4240624606609344,1.3367556646751302,1.9509107346633645,0.17096230962797998,6.231270849450707,8.329686606128243,5.902250948177871,native,matched_auto_manual_robust_mad,significant
354,1265963,1267962,316.49075,499.75,-0.44062501192092896,0.13111743396520614,False,False,False,no_morphology_candidate,False,,,,,,,,,,,,,,,,,,,,,,,,
355,1267962,1269963,316.9905,500.25,-0.08906249701976776,0.17698538295328617,False,False,False,no_morphology_candidate,False,,,,,,,,,,,,,,,,,,,,,,,,
356,1269963,1271962,317.49075,499.75,-0.3409374952316284,0.10563523762822151,False,False,False,no_morphology_candidate,False,,,,,,,,,,,,,,,,,,,,,,,,
357,1271962,1273954,317.9905,498.0,-0.016249999403953552,0.0722767473489046,False,True,True,significant_er,True,317.9905,14.5,16.0,35.0,18.0,35.0,20.5,3.5,-0.9175000190734863,0.5975000262260437,0.9012500196695328,1.51500004529953,0.5740625262260437,0.9528125189244747,1.51500004529953,1.6809986266131178,4.62242088295274,0.12092456868588923,7.452993460829274,12.528471771810556,7.879395637122161,native,matched_auto_manual_robust_mad,significant
358,1273954,1275962,318.4885,502.0,-0.07968749850988388,0.14084700927883387,False,True,True,significant_er,True,318.4885,17.0,19.0,30.5,22.5,30.5,13.5,5.5,-2.2381250858306885,0.24156250059604645,2.1584375873208046,2.479687586426735,1.2121875286102295,1.6921876072883606,2.479687586426735,1.1488345092732966,3.2616914351507633,0.14084700927883387,15.324695912057035,17.605539507890537,12.014366623421505,native,matched_auto_manual_robust_mad,significant
359,1275962,1277955,318.9905,498.25,-0.18937499821186066,0.04633125,False,False,False,no_morphology_candidate,False,,,,,,,,,,,,,,,,,,,,,,,,
360,1277955,1279955,319.48875,500.0,0.5274999737739563,0.08385953775644302,False,True,True,significant_er,True,319.48875,15.75,18.25,36.5,24.0,36.5,20.75,8.25,-2.4024999141693115,-0.038750000298023224,2.929999887943268,2.3637499138712883,1.6268749237060547,1.5040624141693115,2.3637499138712883,0.8067406157924933,3.7578004728360317,0.12092456868588923,24.22998005933902,19.547309033710995,12.438021739620408,native,matched_auto_manual_robust_mad,significant
361,1279955,1281954,319.98875,499.75,-0.08531250059604645,0.13806712588369846,False,True,True,significant_er,True,319.98875,15.0,17.5,37.0,22.0,37.0,22.0,7.0,-2.150937557220459,0.48249998688697815,2.0656250566244125,2.633437544107437,1.0862500667572021,1.6396875381469727,2.633437544107437,1.2748865219571495,1.7139256415305157,0.13806712588369846,14.961020180606948,19.073602982984717,11.876017029051301,native,matched_auto_manual_robust_mad,significant
362,1281954,1283955,320.4885,500.25,0.010937499813735485,0.13065412604939192,False,True,True,significant_er,True,320.4885,16.25,19.0,38.75,22.25,38.75,22.5,6.0,-1.809999942779541,0.5956249833106995,1.8209374425932765,2.4056249260902405,1.0784374475479126,1.3396874368190765,2.4056249260902405,1.3210914717994293,2.47733397034055,0.13065412604939192,13.937083333326168,18.412161933415163,10.253694064836704,native,matched_auto_manual_robust_mad,significant
363,1283955,1285954,320.98875,499.75,-0.2993749976158142,0.01853248232603073,False,True,True,significant_er,True,320.98875,16.0,18.5,38.5,22.75,38.5,22.5,6.75,-2.1050000190734863,0.08093749731779099,1.8056250214576721,2.1859375163912773,1.0859375,1.1362500190734863,2.1859375163912773,1.2106265090558952,2.2818981402080802,0.12092456868588923,14.93182933029863,18.076868415957854,9.396353705631006,native,matched_auto_manual_robust_mad,significant
364,1285954,1287954,321.4885,500.0,-0.062187500298023224,0.13343399425595998,False,True,True,significant_er,True,321.4885,15.75,17.75,37.75,21.5,37.75,22.0,5.75,-1.6924999952316284,0.4996874928474426,1.6303124949336052,2.192187488079071,0.9259374737739563,1.3753125071525574,2.192187488079071,1.3446425117218699,1.8495755080812897,0.13343399425595998,12.218119558095935,16.42900297111622,10.307062415551782,native,matched_auto_manual_robust_mad,significant
365,1287954,1289954,321.9885,500.0,-0.30781251192092896,0.09868552361726761,False,True,True,significant_er,True,321.9885,16.75,18.75,34.75,22.25,34.75,18.0,5.5,-2.0840625762939453,0.6312500238418579,1.7762500643730164,2.7153126001358032,1.0637500286102295,1.0618751049041748,2.7153126001358032,1.5286769890106993,3.1186537208531275,0.12092456868588923,14.688909653975786,22.454598181689896,8.781301570423429,native,matched_auto_manual_robust_mad,significant
366,1289954,1291955,322.4885,500.25,-0.012500000186264515,0.12741094164233654,False,False,False,no_morphology_candidate,False,,,,,,,,,,,,,,,,,,,,,,,,
367,1291955,1293954,322.98875,499.75,0.18468749523162842,0.11397486572116612,False,True,True,significant_er,True,322.98875,16.5,18.75,35.75,22.25,35.75,19.25,5.75,-1.589687466621399,0.8678125143051147,1.7743749618530273,2.4574999809265137,1.095312476158142,1.4209374636411667,2.4574999809265137,1.3849947354757985,2.0526676062824643,0.12092456868588923,14.673403272267205,20.32258628360343,11.750610145504508,native,matched_auto_manual_robust_mad,significant
368,1293954,1295955,323.4885,500.25,-0.28187501430511475,0.055597513255476946,False,False,False,no_morphology_candidate,False,,,,,,,,,,,,,,,,,,,,,,,,
369,1295955,1297954,323.98875,499.75,0.026875000447034836,0.12833756161630153,False,True,True,significant_er,True,323.98875,18.75,20.5,40.5,23.75,40.5,21.75,5.0,-1.302187442779541,0.24562500417232513,1.3290624432265759,1.5478124469518661,0.7962499260902405,0.7409374713897705,1.5478124469518661,1.1645897112209636,4.096578116029663,0.12833756161630153,10.355989520824412,12.060478845464226,5.773348519780947,native,matched_auto_manual_robust_mad,significant
370,1297954,1299954,324.4885,500.0,-0.044062498956918716,0.11953462698832154,False,False,False,no_morphology_candidate,False,,,,,,,,,,,,,,,,,,,,,,,,
371,1299954,1301954,324.9885,500.0,-0.31812500953674316,0.13436060732603072,False,True,True,significant_er,True,324.9885,16.25,17.75,37.75,20.0,37.75,21.5,3.75,-1.2000000476837158,0.5506250262260437,0.8818750381469727,1.7506250739097595,0.4671875238418579,1.039375051856041,1.7506250739097595,1.9851169362818517,5.472552212682307,0.13436060732603072,6.563493986054052,13.029303072899978,7.735712665647313,native,matched_auto_manual_robust_mad,significant
372,1301954,1303954,325.4885,500.0,-0.16187499463558197,0.12324114002287387,False,True,True,significant_er,True,325.4885,16.75,18.5,36.0,22.5,36.0,19.25,5.75,-1.5946874618530273,0.17531250417232513,1.4328124672174454,1.7699999660253525,0.786562442779541,0.9962499737739563,1.7699999660253525,1.2353326108773557,1.5216102461376488,0.12324114002287387,11.626089039354161,14.362086927277986,8.08374519733467,native,matched_auto_manual_robust_mad,significant
373,1303954,1305954,325.9885,500.0,-0.203125,0.13343400530219077,False,False,False,no_morphology_candidate,False,,,,,,,,,,,,,,,,,,,,,,,,
374,1305954,1307954,326.4885,500.0,-0.12562499940395355,0.12833756161630153,False,False,False,no_morphology_candidate,False,,,,,,,,,,,,,,,,,,,,,,,,
375,1307954,1309954,326.9885,500.0,-0.1471875011920929,0.10841513206958771,False,True,True,significant_er,True,326.9885,15.25,18.0,35.25,23.75,35.25,20.0,8.5,-2.3271875381469727,0.7840625047683716,2.1800000369548798,3.1112500429153442,1.1281250715255737,1.2221875190734863,3.1112500429153442,1.4271788945752844,3.0803580501003043,0.12092456868588923,18.027767728637475,25.728849618616817,10.107024009721394,native,matched_auto_manual_robust_mad,significant
376,1309954,1311954,327.4885,500.0,-0.17937499284744263,0.08015306338369846,False,False,False,no_morphology_candidate,False,,,,,,,,,,,,,,,,,,,,,,,,
377,1311954,1313954,327.9885,500.0,0.18031249940395355,0.0824696347206831,False,False,False,no_morphology_candidate,False,,,,,,,,,,,,,,,,,,,,,,,,
378,1313954,1315954,328.4885,500.0,-0.3121874928474426,0.11165830543041229,False,False,False,no_morphology_candidate,False,,,,,,,,,,,,,,,,,,,,,,,,
379,1315954,1317954,328.9885,500.0,-0.10656250268220901,0.12509437997080386,False,False,False,no_morphology_candidate,False,,,,,,,,,,,,,,,,,,,,,,,,
380,1317954,1319954,329.4885,500.0,-0.10593750327825546,0.1408470051364973,False,False,False,no_morphology_candidate,False,,,,,,,,,,,,,,,,,,,,,,,,
381,1319954,1321954,329.9885,500.0,-0.09125000238418579,0.12880086262822152,False,True,True,significant_er,True,329.9885,17.25,19.0,33.75,21.5,33.75,16.5,4.25,-1.1818749904632568,0.596875011920929,1.090624988079071,1.7787500023841858,0.6331250071525574,1.10343749076128,1.7787500023841858,1.6309455787521578,4.986711512059001,0.12880086262822152,8.467528600542963,13.810078334012992,8.567003886816408,native,matched_auto_manual_robust_mad,significant
382,1321954,1323954,330.4885,500.0,-0.1381250023841858,0.13667717866301535,False,False,False,no_morphology_candidate,False,,,,,,,,,,,,,,,,,,,,,,,,
383,1323954,1325954,330.9885,500.0,-0.26499998569488525,0.13389728422164915,False,False,False,no_morphology_candidate,False,,,,,,,,,,,,,,,,,,,,,,,,
384,1325954,1327954,331.4885,500.0,0.10218749940395355,0.24509231073260307,False,True,True,significant_er,True,331.4885,16.5,18.5,33.5,23.0,33.5,17.0,6.5,-1.5125000476837158,0.5628125071525574,1.6146875470876694,2.075312554836273,0.9921875596046448,1.0018750429153442,2.075312554836273,1.2852719144204772,2.317577898227488,0.24509231073260307,6.588079170094004,8.467473127300389,4.08774571474988,native,matched_auto_manual_robust_mad,significant
385,1327954,1329954,331.9885,500.0,0.04906250163912773,0.07598325244397856,False,False,False,no_morphology_candidate,False,,,,,,,,,,,,,,,,,,,,,,,,
386,1329954,1331954,332.4885,500.0,-0.06156250089406967,0.09590568889458663,False,False,False,no_morphology_candidate,False,,,,,,,,,,,,,,,,,,,,,,,,
387,1331954,1333954,332.9885,500.0,0.03031250089406967,0.14270025751143692,False,False,False,no_morphology_candidate,False,,,,,,,,,,,,,,,,,,,,,,,,
388,1333954,1335954,333.4885,500.0,-0.06031249836087227,0.11443819434866309,False,False,False,no_morphology_candidate,False,,,,,,,,,,,,,,,,,,,,,,,,
389,1335954,1337954,333.9885,500.0,0.25687500834465027,0.09312582310438156,False,False,False,no_morphology_candidate,False,,,,,,,,,,,,,,,,,,,,,,,,
390,1337954,1339954,334.4885,500.0,-0.06468749791383743,0.11768138427883386,False,True,True,significant_er,True,334.4885,17.25,19.0,38.0,23.75,38.0,20.75,6.5,-2.1865625381469727,0.2553125023841858,2.1218750402331352,2.4418750405311584,1.1409375667572021,1.1240625381469727,2.4418750405311584,1.1508100120084659,2.308854601873908,0.12092456868588923,17.54709620461717,20.19337399394919,9.295567892963179,native,matched_auto_manual_robust_mad,significant
391,1339954,1341954,334.9885,500.0,-0.0625,0.09034593970924615,False,False,False,no_morphology_candidate,False,,,,,,,,,,,,,,,,,,,,,,,,
392,1341954,1525618,335.4885,45916.0,0.0043750000186264515,0.13714049693467095,False,False,False,no_morphology_candidate,False,,,,,,,,,,,,,,,,,,,,,,,,
393,1525618,1527618,381.4045,500.0,-0.017500000074505806,0.12138787245936691,False,False,False,no_morphology_candidate,False,,,,,,,,,,,,,,,,,,,,,,,,
394,1527618,1529618,381.9045,500.0,-0.006874999962747097,0.10980506686326116,False,False,False,no_morphology_candidate,False,,,,,,,,,,,,,,,,,,,,,,,,
395,1529618,1531618,382.4045,500.0,-0.020937500521540642,0.10841512378491461,False,False,False,no_morphology_candidate,False,,,,,,,,,,,,,,,,,,,,,,,,
396,1531618,1533618,382.9045,500.0,-0.024687500670552254,0.07598325209878384,False,True,False,candidate_not_significant,False,382.9045,20.25,22.75,29.75,26.25,29.75,9.5,6.0,-0.8246874809265137,-0.1693750023841858,0.7999999802559614,0.6553124785423279,0.4324999749660492,0.09499996900558472,0.6553124785423279,0.8191406183943398,7.978876336665266,0.12092456868588923,6.615694303893052,5.419183923198865,0.7856134616643071,native,matched_auto_manual_robust_mad,below_snr
397,1533618,1535618,383.4045,500.0,0.03500000014901161,0.11304824712797999,False,True,True,significant_er,True,383.4045,17.0,19.25,34.5,24.5,34.5,17.5,7.5,-2.698124885559082,-0.5143749713897705,2.7331248857080936,2.1837499141693115,1.4812499284744263,1.2368749380111694,2.1837499141693115,0.7989938277568129,4.2713466159661735,0.12092456868588923,22.601898980575186,18.058777781062574,10.228483354975168,native,matched_auto_manual_robust_mad,significant
398,1535618,1537618,383.9045,500.0,-0.06687500327825546,0.10239205322116612,False,False,False,no_morphology_candidate,False,,,,,,,,,,,,,,,,,,,,,,,,
399,1537618,1539618,384.4045,500.0,-0.1106249988079071,0.12185118451751768,False,True,True,significant_er,True,384.4045,13.5,15.75,35.75,21.25,35.75,22.25,7.75,-2.8993749618530273,-0.24968749284744263,2.7887499630451202,2.6496874690055847,1.5656249523162842,2.033437490463257,2.6496874690055847,0.9501344703245862,4.033758626879855,0.12185118451751768,22.886523213438284,21.74527461097153,16.68787626903146,native,matched_auto_manual_robust_mad,significant
400,1539618,1541618,384.9045,500.0,-0.4256249964237213,0.20015098586082458,False,False,False,no_morphology_candidate,False,,,,,,,,,,,,,,,,,,,,,,,,
401,1541618,1543618,385.4045,500.0,-0.1731249988079071,0.06486375441849232,False,True,True,significant_er,True,385.4045,11.75,14.0,32.25,18.75,32.25,20.5,7.0,-1.911562442779541,-0.2615624964237213,1.738437443971634,1.6499999463558197,0.9499999284744263,0.731874942779541,1.6499999463558197,0.9491281679864362,4.563528568604573,0.12092456868588923,14.376213724502566,13.644869394918581,6.052326262007532,native,matched_auto_manual_robust_mad,significant
402,1543618,1545618,385.9045,500.0,-0.171875,0.09775893263965844,False,True,True,significant_er,True,385.9045,13.25,15.75,25.75,19.75,25.75,12.5,6.5,-1.9418749809265137,-0.41593751311302185,1.7699999809265137,1.5259374678134918,0.9246875047683716,1.454687476158142,1.5259374678134918,0.862111573026534,4.509654201153445,0.12092456868588923,14.637223850880323,12.618920078823937,12.029709859348793,native,matched_auto_manual_robust_mad,significant
403,1545618,1547618,386.4045,500.0,-0.7615625262260437,0.06996010973453522,False,True,True,significant_er,True,386.4045,14.25,16.0,29.75,19.5,29.75,15.5,5.25,-1.550937533378601,-0.15843750536441803,0.7893750071525574,1.392500028014183,0.4343750476837158,0.8165625333786011,1.392500028014183,1.7640538595682491,4.437390280948811,0.12092456868588923,6.527829834175543,11.51544341358213,6.752660292712595,native,matched_auto_manual_robust_mad,significant
404,1547618,1549618,386.9045,500.0,-0.31937500834465027,0.05142771577835083,False,False,False,no_morphology_candidate,False,,,,,,,,,,,,,,,,,,,,,,,,
405,1549618,1551618,387.4045,500.0,-0.21562500298023224,0.12648431338369845,False,False,False,no_morphology_candidate,False,,,,,,,,,,,,,,,,,,,,,,,,
406,1551618,1553618,387.9045,500.0,-0.13093750178813934,0.050964381627738475,False,True,False,candidate_not_significant,False,387.9045,11.5,13.5,27.5,18.0,27.5,16.0,6.5,-1.0231250524520874,0.08843749761581421,0.8921875506639481,1.1115625500679016,0.5396875441074371,0.2721875309944153,1.1115625500679016,1.245884398679066,4.547140112658592,0.12092456868588923,7.378050303255355,9.192197765495198,2.250886928540081,native,matched_auto_manual_robust_mad,below_snr
407,1553618,1555618,388.4045,500.0,-0.021250000223517418,0.06162056172676384,False,True,False,candidate_not_significant,False,388.4045,20.0,21.75,29.25,24.25,29.25,9.25,4.25,-0.4140625,0.18000000715255737,0.3928124997764826,0.5940625071525574,0.23718750476837158,0.18781250715255737,0.5940625071525574,1.512330965767611,8.653233514237959,0.12092456868588923,3.2484093517574824,4.912670052151932,1.553137705542822,native,matched_auto_manual_robust_mad,below_snr
408,1555618,1557618,388.9045,500.0,-0.3478125035762787,0.12926418573260307,False,True,True,significant_er,True,388.9045,13.25,15.25,31.25,21.5,31.25,18.0,8.25,-1.579687476158142,-0.19093750417232513,1.2318749725818634,1.388749971985817,0.7259374856948853,0.8490625023841858,1.388749971985817,1.1273465269573277,3.6531693506721896,0.12926418573260307,9.52990161660191,10.743501489721185,6.5684280419370245,native,matched_auto_manual_robust_mad,significant
409,1557618,1559618,389.4045,500.0,-0.11968749761581421,0.06903356294184923,False,True,True,significant_er,True,389.4045,13.75,15.5,31.75,18.75,31.75,18.0,5.0,-0.753125011920929,0.15812499821186066,0.6334375143051147,0.9112500101327896,0.3634375035762787,0.5653125047683716,0.9112500101327896,1.4385791645643802,3.2903997880237874,0.12092456868588923,5.23828632335681,7.535689562803658,4.674918512521751,native,matched_auto_manual_robust_mad,significant
410,1559618,1561618,389.9045,500.0,0.21812500059604645,0.11026835820972919,False,False,False,no_morphology_candidate,False,,,,,,,,,,,,,,,,,,,,,,,,
411,1561618,1563618,390.4045,500.0,-0.09187500178813934,0.1315807570695877,False,False,False,no_morphology_candidate,False,,,,,,,,,,,,,,,,,,,,,,,,
412,1563618,1565618,390.9045,500.0,0.06187500059604645,0.16308599911630153,False,False,False,no_morphology_candidate,False,,,,,,,,,,,,,,,,,,,,,,,,
413,1565618,1567618,391.4045,500.0,0.1262499988079071,0.14362687058150767,False,True,False,candidate_not_significant,False,391.4045,10.75,12.75,26.5,16.0,26.5,15.75,5.25,-0.1328125,0.21281249821186066,0.2590624988079071,0.34562499821186066,0.14531250018626451,0.019062496721744537,0.34562499821186066,1.3341375143151808,5.707078264400165,0.14362687058150767,1.8037188846281391,2.4064090292611358,0.13272235651006994,native,matched_auto_manual_robust_mad,below_snr
414,1567618,1569618,391.9045,500.0,-0.023749999701976776,0.11258494059294462,False,False,False,no_morphology_candidate,False,,,,,,,,,,,,,,,,,,,,,,,,
415,1569618,1571618,392.4045,500.0,-0.019687499850988388,0.12324112345352768,False,False,False,no_morphology_candidate,False,,,,,,,,,,,,,,,,,,,,,,,,
416,1571618,1573618,392.9045,500.0,-0.3565624952316284,0.07876311616301536,False,False,False,no_morphology_candidate,False,,,,,,,,,,,,,,,,,,,,,,,,
417,1573618,1575618,393.4045,500.0,-1.1875,0.16818248698711394,False,False,False,no_morphology_candidate,False,,,,,,,,,,,,,,,,,,,,,,,,
418,1575618,1577618,393.9045,500.0,0.3187499940395355,0.162159375,False,True,True,significant_er,True,393.9045,15.25,17.0,28.0,20.5,28.0,12.75,5.25,-0.5746874809265137,0.5450000166893005,0.8934374749660492,1.1196874976158142,0.5868749804794788,0.8890624940395355,1.1196874976158142,1.2532354294388228,2.71174619895726,0.162159375,5.509625792317276,6.904858245881956,5.482646279560066,native,matched_auto_manual_robust_mad,significant
419,1577618,1579618,394.4045,500.0,-0.12468750029802322,0.25111537301167847,False,True,False,candidate_not_significant,False,394.4045,12.0,13.75,28.75,16.5,28.75,16.75,4.5,-0.7540624737739563,0.42500001192092896,0.6293749734759331,1.1790624856948853,0.34062498807907104,0.320624977350235,1.1790624856948853,1.873386352150483,6.891831099076818,0.25111537301167847,2.5063179761864407,4.695301890737097,1.2768034609148515,native,matched_auto_manual_robust_mad,below_snr
420,1579618,1581618,394.9045,500.0,-0.06062500178813934,0.13575056559294463,False,True,False,candidate_not_significant,False,394.9045,10.75,12.75,31.75,18.75,31.75,21.0,8.0,-1.2106250524520874,0.16593749821186066,1.150000050663948,1.376562550663948,0.61656254529953,0.05656254291534424,1.376562550663948,1.1970108608857843,5.649107716306575,0.13575056559294463,8.47141995792699,10.140381696763201,0.41666524679499356,native,matched_auto_manual_robust_mad,below_snr
421,1581618,1583618,395.4045,500.0,0.06593749672174454,0.08617612013965845,False,True,False,candidate_not_significant,False,395.4045,11.0,13.0,33.0,18.75,33.0,22.0,7.75,-1.4265625476837158,0.2824999988079071,1.4925000444054604,1.709062546491623,0.7831250429153442,0.18312501907348633,1.709062546491623,1.1451004995932383,5.501673878372074,0.12092456868588923,12.342405357527822,14.13329454108737,1.514373969355785,native,matched_auto_manual_robust_mad,below_snr
422,1583618,1585618,395.9045,500.0,-0.1759375035762787,0.327098600256443,False,False,False,no_morphology_candidate,False,,,,,,,,,,,,,,,,,,,,,,,,
423,1585618,1587618,396.4045,500.0,-0.18531249463558197,0.07320337146520614,False,True,True,significant_er,True,396.4045,12.25,14.75,28.5,20.0,28.5,16.25,7.75,-2.182187557220459,-0.13750000298023224,1.996875062584877,2.0446875542402267,1.1875000596046448,1.417500078678131,2.0446875542402267,1.0239436570425484,4.711215565770741,0.12092456868588923,16.513394128962428,16.908785174594737,11.722184284652654,native,matched_auto_manual_robust_mad,significant
424,1587618,1589618,396.9045,500.0,0.04625000059604645,0.09497906305231153,False,True,True,significant_er,True,396.9045,11.5,13.75,30.0,19.0,30.0,18.5,7.5,-2.012500047683716,-0.08531250059604645,2.0587500482797623,1.9271875470876694,1.2000000476837158,0.7271875143051147,1.9271875470876694,0.9360959329171489,5.031755065514862,0.12092456868588923,17.02507662960967,15.937104990580414,6.013563018728143,native,matched_auto_manual_robust_mad,significant
425,1589618,1591618,397.4045,500.0,-0.06406249850988388,0.13111743396520614,False,True,False,candidate_not_significant,False,397.4045,10.25,12.75,28.25,18.5,28.25,18.0,8.25,-1.7356250286102295,-0.2224999964237213,1.6715625301003456,1.5131250321865082,0.9831250309944153,0.08968758583068848,1.5131250321865082,0.9052159311657182,6.697957729695935,0.13111743396520614,12.748590935236868,11.540227614491275,0.6840248708229627,native,matched_auto_manual_robust_mad,below_snr
426,1591618,1593618,397.9045,500.0,-0.1081250011920929,0.06162055896520614,False,True,True,significant_er,True,397.9045,12.0,14.0,29.25,18.0,29.25,17.25,6.0,-0.8840625286102295,0.03750000149011612,0.7759375274181366,0.9215625301003456,0.5234375298023224,0.5234375298023224,0.9215625301003456,1.187676194972504,3.285467540429138,0.12092456868588923,6.416707008760919,7.6209701644185674,4.328628462277101,native,matched_auto_manual_robust_mad,significant
427,1593618,1595619,398.4045,500.25,-0.17906250059604645,0.11814468529075384,False,True,False,candidate_not_significant,False,398.4045,11.0,13.0,31.75,17.25,31.75,20.75,6.25,-1.5456249713897705,-0.09812500327825546,1.366562470793724,1.447499968111515,0.7678124904632568,0.1625000238418579,1.447499968111515,1.0592270745374568,4.478847617128076,0.12092456868588923,11.300949721338052,11.970271912827792,1.3438131358067036,native,matched_auto_manual_robust_mad,below_snr
428,1595619,1597619,398.90475,500.0,-0.07874999940395355,0.10748849897822364,False,True,False,candidate_not_significant,False,398.90475,11.5,13.0,30.0,15.5,30.0,18.5,4.0,-0.47468748688697815,0.1834374964237213,0.3959374874830246,0.6581249833106995,0.23031248152256012,0.08312499523162842,0.6581249833106995,1.6621941698281748,6.603084733613753,0.12092456868588923,3.2742518066076576,5.442442263492618,0.6874119637966369,native,matched_auto_manual_robust_mad,below_snr
429,1597619,1599619,399.40475,500.0,-0.19499999284744263,0.12555767822116612,False,False,False,no_morphology_candidate,False,,,,,,,,,,,,,,,,,,,,,,,,
430,1599619,1601619,399.90475,500.0,0.043437499552965164,0.13528724801167846,False,True,True,significant_er,True,399.90475,12.25,14.25,34.0,19.0,34.0,21.75,6.75,-1.1375000476837158,0.20749999582767487,1.180937547236681,1.3450000435113907,0.7515625357627869,0.9178125411272049,1.3450000435113907,1.1389256329927062,3.7432591871625807,0.13528724801167846,8.729112053005457,9.941809470433501,6.784176296113113,native,matched_auto_manual_robust_mad,significant
431,1601619,1603619,400.40475,500.0,-0.2356249988079071,0.13714050176739692,False,True,False,candidate_not_significant,False,400.40475,10.25,12.25,29.0,15.5,29.0,18.75,5.25,-1.3331249952316284,0.20281249284744263,1.0974999964237213,1.535937488079071,0.7162500023841858,0.014374971389770508,1.535937488079071,1.3994874652246272,5.613685908824064,0.13714050176739692,8.002741584577134,11.199736535047569,0.10481929994795994,native,matched_auto_manual_robust_mad,below_snr
432,1603619,1605619,400.90475,500.0,0.02031249925494194,0.13436062389537692,False,False,False,no_morphology_candidate,False,,,,,,,,,,,,,,,,,,,,,,,,
433,1605619,1607619,401.40475,500.0,-0.07999999821186066,0.1042453097384423,False,False,False,no_morphology_candidate,False,,,,,,,,,,,,,,,,,,,,,,,,
434,1607619,1609619,401.90475,500.0,-0.19249999523162842,0.13945705101191996,False,False,False,no_morphology_candidate,False,,,,,,,,,,,,,,,,,,,,,,,,
435,1609619,1611619,402.40475,500.0,0.03281249850988388,0.20571074160486458,False,False,False,no_morphology_candidate,False,,,,,,,,,,,,,,,,,,,,,,,,
436,1611619,1613619,402.90475,500.0,-0.13312500715255737,0.2372159946978092,False,False,False,no_morphology_candidate,False,,,,,,,,,,,,,,,,,,,,,,,,
437,1613619,1615619,403.40475,500.0,0.011562500149011612,0.14687006051167845,False,False,False,no_morphology_candidate,False,,,,,,,,,,,,,,,,,,,,,,,,
438,1615619,1617619,403.90475,500.0,-0.2659375071525574,0.11165830543041229,False,False,False,no_morphology_candidate,False,,,,,,,,,,,,,,,,,,,,,,,,
439,1617619,1619619,404.40475,500.0,0.007499999832361937,0.1357505649025552,False,False,False,no_morphology_candidate,False,,,,,,,,,,,,,,,,,,,,,,,,
440,1619619,1621619,404.90475,500.0,-0.15656250715255737,0.12324111793041229,False,False,False,no_morphology_candidate,False,,,,,,,,,,,,,,,,,,,,,,,,
441,1621619,1623619,405.40475,500.0,-0.08562500029802322,0.17605874779075384,False,False,False,no_morphology_candidate,False,,,,,,,,,,,,,,,,,,,,,,,,
442,1623619,1625619,405.90475,500.0,0.018437499180436134,0.1519664959128946,False,False,False,no_morphology_candidate,False,,,,,,,,,,,,,,,,,,,,,,,,
443,1625619,1627619,406.40475,500.0,-0.025312500074505806,0.16262269534282386,False,False,False,no_morphology_candidate,False,,,,,,,,,,,,,,,,,,,,,,,,
444,1627619,1629619,406.90475,500.0,-0.1521874964237213,0.16447592976763845,False,False,False,no_morphology_candidate,False,,,,,,,,,,,,,,,,,,,,,,,,
445,1629619,1631619,407.40475,500.0,-0.06281249970197678,0.05142768816277384,False,False,False,no_morphology_candidate,False,,,,,,,,,,,,,,,,,,,,,,,,
446,1631619,1633619,407.90475,500.0,0.3096874952316284,0.16910904482603073,False,False,False,no_morphology_candidate,False,,,,,,,,,,,,,,,,,,,,,,,,
447,1633619,1635619,408.40475,500.0,-0.22687500715255737,0.1445534946978092,False,False,False,no_morphology_candidate,False,,,,,,,,,,,,,,,,,,,,,,,,
448,1635619,1637619,408.90475,500.0,-0.23624999821186066,0.11953464355766773,False,False,False,no_morphology_candidate,False,,,,,,,,,,,,,,,,,,,,,,,,
449,1637619,1639619,409.40475,500.0,-0.019687499850988388,0.1389937444768846,False,False,False,no_morphology_candidate,False,,,,,,,,,,,,,,,,,,,,,,,,
450,1639619,1641619,409.90475,500.0,-0.19437499344348907,0.07783651413917542,False,False,False,no_morphology_candidate,False,,,,,,,,,,,,,,,,,,,,,,,,
451,1641619,1643619,410.40475,500.0,-0.18718749284744263,0.16957236793041228,False,False,False,no_morphology_candidate,False,,,,,,,,,,,,,,,,,,,,,,,,
452,1643619,1645619,410.90475,500.0,-0.004062499850988388,0.14084700375571846,False,True,False,candidate_not_significant,False,410.90475,10.0,12.25,30.75,17.0,30.75,20.75,7.0,-1.3424999713897705,0.04749999940395355,1.3384374715387821,1.389999970793724,0.8115624785423279,0.0012500286102294922,1.389999970793724,1.0385243990484376,5.778623742094535,0.14084700375571846,9.50277560650232,9.868864326034975,0.008875081307356106,native,matched_auto_manual_robust_mad,below_snr
453,1645619,1647619,411.40475,500.0,-0.13718749582767487,0.10980505719780921,False,False,False,no_morphology_candidate,False,,,,,,,,,,,,,,,,,,,,,,,,
454,1647619,1649619,411.90475,500.0,-0.24312500655651093,0.09868556780219077,False,False,False,no_morphology_candidate,False,,,,,,,,,,,,,,,,,,,,,,,,
455,1649619,1651619,412.40475,500.0,-0.004062499850988388,0.1315807515464723,False,True,False,candidate_not_significant,False,412.40475,15.25,16.5,27.25,20.5,27.25,12.0,5.25,-0.1640625,0.09812500327825546,0.1600000001490116,0.26218750327825546,0.10968749970197678,0.17437500040978193,0.26218750327825546,1.6386718939629645,4.446842871320659,0.1315807515464723,1.2159833278692138,1.9925977029068331,1.3252318318625453,native,matched_auto_manual_robust_mad,below_snr
456,1651619,1653619,412.90475,500.0,0.09843750298023224,0.0694968805231154,False,True,True,significant_er,True,412.90475,11.75,13.5,30.5,19.75,30.5,18.75,8.0,-0.7990624904632568,0.3499999940395355,0.8974999934434891,1.1490624845027924,0.4543749988079071,0.3193749785423279,1.1490624845027924,1.2802924711944779,4.906430303814082,0.12092456868588923,7.421982176135055,9.502307901445318,2.641109098118255,native,matched_auto_manual_robust_mad,significant
457,1653619,1655619,413.40475,500.0,-0.02031249925494194,0.14270025198832154,False,True,False,candidate_not_significant,False,413.40475,13.5,15.5,32.25,17.5,32.25,18.75,4.0,-0.11937499791383743,0.07500000298023224,0.09906249865889549,0.28125,0.06843749806284904,0.07624999806284904,0.19437500089406967,1.962145145998853,5.678922268749359,0.14270025198832154,0.6941998859749924,1.9709145294502861,0.5343368144093346,native,matched_auto_manual_robust_mad,below_snr
458,1655619,1657619,413.90475,500.0,-0.0071875001303851604,0.0764465607049875,False,False,False,no_morphology_candidate,False,,,,,,,,,,,,,,,,,,,,,,,,
459,1657619,1659619,414.40475,500.0,0.03656249865889549,0.1362138831742108,False,False,False,no_morphology_candidate,False,,,,,,,,,,,,,,,,,,,,,,,,
460,1659619,1661619,414.90475,500.0,-0.1850000023841858,0.1255576892673969,False,False,False,no_morphology_candidate,False,,,,,,,,,,,,,,,,,,,,,,,,
461,1661619,1663619,415.40475,500.0,-0.03593749925494194,0.06301050066277385,False,False,False,no_morphology_candidate,False,,,,,,,,,,,,,,,,,,,,,,,,
462,1663619,1665619,415.90475,500.0,0.008437500335276127,0.13621387903187424,False,False,False,no_morphology_candidate,False,,,,,,,,,,,,,,,,,,,,,,,,
463,1665619,1667619,416.40475,500.0,-0.0009374999790452421,0.14455350444955983,False,False,False,no_morphology_candidate,False,,,,,,,,,,,,,,,,,,,,,,,,
464,1667619,1669619,416.90475,500.0,-0.0009374999790452421,0.05930399737997213,False,False,False,no_morphology_candidate,False,,,,,,,,,,,,,,,,,,,,,,,,
465,1669619,1671619,417.40475,500.0,-0.040312498807907104,0.10192874944768845,False,False,False,no_morphology_candidate,False,,,,,,,,,,,,,,,,,,,,,,,,
466,1671619,1673619,417.90475,500.0,-0.06624999642372131,0.13065411914549768,False,False,False,no_morphology_candidate,False,,,,,,,,,,,,,,,,,,,,,,,,
467,1673619,1675619,418.40475,500.0,-0.1484375,0.14038369722068308,False,False,False,no_morphology_candidate,False,,,,,,,,,,,,,,,,,,,,,,,,
468,1675619,1677619,418.90475,500.0,-0.17281250655651093,0.2154403169184923,False,False,False,no_morphology_candidate,False,,,,,,,,,,,,,,,,,,,,,,,,
469,1677619,1679619,419.40475,500.0,0.004062499850988388,0.14779668462797999,False,False,False,no_morphology_candidate,False,,,,,,,,,,,,,,,,,,,,,,,,
470,1679619,1681618,419.90475,499.75,-0.09468749910593033,0.18717825927883386,False,False,False,no_morphology_candidate,False,,,,,,,,,,,,,,,,,,,,,,,,
471,1681618,1683619,420.4045,500.25,0.5934374928474426,0.10563528181314467,False,False,False,no_morphology_candidate,False,,,,,,,,,,,,,,,,,,,,,,,,
472,1683619,1685619,420.90475,500.0,0.09812500327825546,0.1292641926364973,False,False,False,no_morphology_candidate,False,,,,,,,,,,,,,,,,,,,,,,,,
473,1685619,1687619,421.40475,500.0,0.23531250655651093,0.060693934848904604,False,False,False,no_morphology_candidate,False,,,,,,,,,,,,,,,,,,,,,,,,
474,1687619,1689619,421.90475,500.0,-0.1574999988079071,0.17883862566277384,False,False,False,no_morphology_candidate,False,,,,,,,,,,,,,,,,,,,,,,,,
475,1689619,1691619,422.40475,500.0,-0.027812499552965164,0.12463105962797999,False,False,False,no_morphology_candidate,False,,,,,,,,,,,,,,,,,,,,,,,,
476,1691619,1693618,422.90475,499.75,0.07562500238418579,0.056524126325547694,False,False,False,no_morphology_candidate,False,,,,,,,,,,,,,,,,,,,,,,,,
477,1693618,1695618,423.4045,500.0,-0.12781250476837158,0.11304825265109539,False,False,False,no_morphology_candidate,False,,,,,,,,,,,,,,,,,,,,,,,,
478,1695618,1697619,423.9045,500.25,-0.3178125023841858,0.11536480189561843,False,False,False,no_morphology_candidate,False,,,,,,,,,,,,,,,,,,,,,,,,
479,1697619,1699618,424.40475,499.75,0.031562499701976776,0.08802937389537692,False,False,False,no_morphology_candidate,False,,,,,,,,,,,,,,,,,,,,,,,,
480,1699618,1701618,424.9045,500.0,0.3700000047683716,0.09173589797616004,False,True,False,candidate_not_significant,False,424.9045,10.0,12.5,21.75,18.75,21.75,11.75,8.75,-0.9865624904632568,0.029062500223517418,1.3565624952316284,1.0156249906867743,0.7184374928474426,0.020624995231628418,1.0156249906867743,0.7486754161763551,9.315574691848546,0.12092456868588923,11.21825374259058,8.398830789505956,0.17056083354908144,native,matched_auto_manual_robust_mad,below_snr
481,1701618,1703618,425.4045,500.0,-0.13781249523162842,0.0810796764537692,False,False,False,no_morphology_candidate,False,,,,,,,,,,,,,,,,,,,,,,,,
482,1703618,1705618,425.9045,500.0,-0.09437499940395355,0.11397487676739693,False,True,True,significant_er,True,425.9045,12.0,14.25,31.75,19.0,31.75,19.75,7.0,-1.9918750524520874,-0.15968750417232513,1.8975000530481339,1.8321875482797623,1.049375057220459,1.049375057220459,1.8321875482797623,0.9655797085942348,4.114194668089346,0.12092456868588923,15.691600753003591,15.151491282462283,8.677930950047799,native,matched_auto_manual_robust_mad,significant
483,1705618,1707618,426.4045,500.0,-0.17812499403953552,0.28169399094209074,False,False,False,no_morphology_candidate,False,,,,,,,,,,,,,,,,,,,,,,,,
484,1707618,1709618,426.9045,500.0,0.018124999478459358,0.08524949878491461,False,False,False,no_morphology_candidate,False,,,,,,,,,,,,,,,,,,,,,,,,
485,1709618,1711618,427.4045,500.0,0.15000000596046448,0.10424531249999999,False,True,True,significant_er,True,427.4045,11.75,14.0,30.0,18.75,30.0,18.25,7.0,-2.530937433242798,0.2640624940395355,2.6809374392032623,2.7949999272823334,1.6003124117851257,1.2453124523162842,2.7949999272823334,1.0425457477713351,4.180754664948211,0.12092456868588923,22.17032872920309,23.11358194332335,10.298258375856424,native,matched_auto_manual_robust_mad,significant
486,1711618,1713618,427.9045,500.0,-0.06031249836087227,0.08802937389537692,False,True,True,significant_er,True,427.9045,11.5,13.5,31.0,17.5,31.0,19.5,6.0,-2.0,0.9006249904632568,1.9396875016391277,2.900624990463257,1.1190624833106995,0.5640624761581421,2.900624990463257,1.495408403679506,4.332716548441438,0.12092456868588923,16.040474840787844,23.987060875923824,4.664581253321129,native,matched_auto_manual_robust_mad,significant
487,1713618,1715618,428.4045,500.0,-0.39656248688697815,0.17420555478930472,False,False,False,no_morphology_candidate,False,,,,,,,,,,,,,,,,,,,,,,,,
488,1715618,1717618,428.9045,500.0,-0.07718750089406967,0.12231450486034154,False,False,False,no_morphology_candidate,False,,,,,,,,,,,,,,,,,,,,,,,,
489,1717618,1719618,429.4045,500.0,-0.09656249731779099,0.1042453097384423,False,False,False,no_morphology_candidate,False,,,,,,,,,,,,,,,,,,,,,,,,
490,1719618,1721618,429.9045,500.0,-0.2162500023841858,0.12324111793041229,False,False,False,no_morphology_candidate,False,,,,,,,,,,,,,,,,,,,,,,,,
491,1721618,1723618,430.4045,500.0,-0.5400000214576721,0.11675477120876311,False,False,False,no_morphology_candidate,False,,,,,,,,,,,,,,,,,,,,,,,,
492,1723618,1725618,430.9045,500.0,-0.0625,0.11768137599416076,False,True,False,candidate_not_significant,False,430.9045,10.5,12.5,32.5,16.5,32.5,22.0,6.0,-1.714687466621399,0.08562500029802322,1.652187466621399,1.8003124669194221,0.9081249833106995,0.033437490463256836,1.8003124669194221,1.089653869969688,4.929652759335163,0.12092456868588923,13.662959352065846,14.88789653321709,0.2765152758172184,native,matched_auto_manual_robust_mad,below_snr
493,1725618,1727618,431.4045,500.0,-0.48093751072883606,0.2228533319413662,False,False,False,no_morphology_candidate,False,,,,,,,,,,,,,,,,,,,,,,,,
494,1727618,1729618,431.9045,500.0,-0.2903124988079071,0.12277779482603073,False,False,False,no_morphology_candidate,False,,,,,,,,,,,,,,,,,,,,,,,,
495,1729618,1731618,432.4045,500.0,0.43281251192092896,0.12972750883698464,False,False,False,no_morphology_candidate,False,,,,,,,,,,,,,,,,,,,,,,,,
496,1731618,1733618,432.9045,500.0,0.4937500059604645,0.08756607840657234,False,False,False,no_morphology_candidate,False,,,,,,,,,,,,,,,,,,,,,,,,
497,1733618,1735618,433.4045,500.0,-0.29124999046325684,0.1579895554304123,False,False,False,no_morphology_candidate,False,,,,,,,,,,,,,,,,,,,,,,,,
498,1735618,1737618,433.9045,500.0,-0.3421874940395355,0.13065415504574776,False,False,False,no_morphology_candidate,False,,,,,,,,,,,,,,,,,,,,,,,,
499,1737618,1739618,434.4045,500.0,-0.25218749046325684,0.0898826055586338,False,False,False,no_morphology_candidate,False,,,,,,,,,,,,,,,,,,,,,,,,
500,1739618,1741618,434.9045,500.0,-0.2775000035762787,0.0968323195695877,False,False,False,no_morphology_candidate,False,,,,,,,,,,,,,,,,,,,,,,,,
501,1741618,1743618,435.4045,500.0,0.17781250178813934,0.0477211972206831,False,True,False,candidate_not_significant,False,435.4045,15.25,17.0,32.5,22.0,32.5,17.25,6.75,-0.19249999523162842,0.12062499672174454,0.37031249701976776,0.31312499195337296,0.24187499657273293,0.23249999433755875,0.31312499195337296,0.8455696053289229,2.4299589197038145,0.12092456868588923,3.062342922071384,2.58942409599772,1.9226861576946797,native,matched_auto_manual_robust_mad,below_snr
502,1743618,1745618,435.9045,500.0,0.25343748927116394,0.0926625,False,False,False,no_morphology_candidate,False,,,,,,,,,,,,,,,,,,,,,,,,
503,1745618,1747618,436.4045,500.0,-0.11343750357627869,0.2955933803021908,False,False,False,no_morphology_candidate,False,,,,,,,,,,,,,,,,,,,,,,,,
504,1747618,1749618,436.9045,500.0,-0.5521875023841858,0.08802935732603073,False,False,False,no_morphology_candidate,False,,,,,,,,,,,,,,,,,,,,,,,,
505,1749618,1751618,437.4045,500.0,-0.1381250023841858,0.08988262765109538,False,False,False,no_morphology_candidate,False,,,,,,,,,,,,,,,,,,,,,,,,
506,1751618,1753618,437.9045,500.0,0.18062500655651093,0.10424532354623078,False,False,False,no_morphology_candidate,False,,,,,,,,,,,,,,,,,,,,,,,,
507,1753618,1755618,438.4045,500.0,0.0021875000093132257,0.10609855762585066,False,False,False,no_morphology_candidate,False,,,,,,,,,,,,,,,,,,,,,,,,
508,1755618,1757618,438.9045,500.0,-0.16875000298023224,0.17420548851191997,False,True,True,significant_er,True,438.9045,11.75,13.75,31.5,18.0,31.5,19.75,6.25,-2.773124933242798,0.4465624988079071,2.6043749302625656,3.219687432050705,1.6684374809265137,1.2521874904632568,3.219687432050705,1.236261106125033,3.462141277186966,0.17420548851191997,14.95001651503283,18.482123953461997,7.187991039545095,native,matched_auto_manual_robust_mad,significant
509,1757618,1759618,439.4045,500.0,-0.27156248688697815,0.2126604445695877,False,False,False,no_morphology_candidate,False,,,,,,,,,,,,,,,,,,,,,,,,
510,1759618,1761618,439.9045,500.0,-0.13968749344348907,0.12370444103479385,False,False,False,no_morphology_candidate,False,,,,,,,,,,,,,,,,,,,,,,,,
511,1761618,1763618,440.4045,500.0,0.03187499940395355,0.11490150088369845,False,False,False,no_morphology_candidate,False,,,,,,,,,,,,,,,,,,,,,,,,
512,1763618,1765618,440.9045,500.0,-0.3021875023841858,0.03660168573260307,False,False,False,no_morphology_candidate,False,,,,,,,,,,,,,,,,,,,,,,,,
513,1765618,1767618,441.4045,500.0,-0.3296875059604645,0.03891825706958771,False,False,False,no_morphology_candidate,False,,,,,,,,,,,,,,,,,,,,,,,,
514,1767618,1769618,441.9045,500.0,-0.3400000035762787,0.17142561616301535,False,False,False,no_morphology_candidate,False,,,,,,,,,,,,,,,,,,,,,,,,
515,1769618,1771618,442.4045,500.0,0.3987500071525574,0.16586587146520615,False,False,False,no_morphology_candidate,False,,,,,,,,,,,,,,,,,,,,,,,,
516,1771618,1773617,442.9045,499.75,-0.20531250536441803,0.05050104747712612,False,False,False,no_morphology_candidate,False,,,,,,,,,,,,,,,,,,,,,,,,
517,1773617,1775618,443.40425,500.25,-0.6246874928474426,0.1023921084523201,False,False,False,no_morphology_candidate,False,,,,,,,,,,,,,,,,,,,,,,,,
518,1775618,1777618,443.9045,500.0,-0.29593750834465027,0.09961216982603073,False,False,False,no_morphology_candidate,False,,,,,,,,,,,,,,,,,,,,,,,,
519,1777618,1779617,444.4045,499.75,-0.08156249672174454,0.16540255940705537,False,False,False,no_morphology_candidate,False,,,,,,,,,,,,,,,,,,,,,,,,
520,1779617,1781617,444.90425,500.0,-0.21687500178813934,0.06532707752287388,False,False,False,no_morphology_candidate,False,,,,,,,,,,,,,,,,,,,,,,,,
521,1781617,1783617,445.40425,500.0,-0.17000000178813934,0.04818449823260307,False,False,False,no_morphology_candidate,False,,,,,,,,,,,,,,,,,,,,,,,,
522,1783617,1785618,445.90425,500.25,-0.23406249284744263,0.09312580101191997,False,True,True,significant_er,True,445.90425,11.25,13.25,33.25,18.5,33.25,22.0,7.25,-3.4046874046325684,-0.18031249940395355,3.1706249117851257,3.224374905228615,1.6368749141693115,0.588749885559082,3.224374905228615,1.0169524919973036,5.396623992945125,0.12092456868588923,26.219857107955168,26.664349025748226,4.868736700549287,native,matched_auto_manual_robust_mad,significant
523,1785618,1787617,446.4045,499.75,-0.028750000521540642,0.11629143981970846,False,False,False,no_morphology_candidate,False,,,,,,,,,,,,,,,,,,,,,,,,
524,1787617,1789617,446.90425,500.0,0.2553125023841858,0.05281764090657234,False,False,False,no_morphology_candidate,False,,,,,,,,,,,,,,,,,,,,,,,,
525,1789617,1791618,447.40425,500.25,-0.2515625059604645,0.10609856073260307,False,False,False,no_morphology_candidate,False,,,,,,,,,,,,,,,,,,,,,,,,
526,1791618,1793620,447.9045,500.49999999999994,-0.2528125047683716,0.19922438383698463,False,False,False,no_morphology_candidate,False,,,,,,,,,,,,,,,,,,,,,,,,
527,1793620,1795618,448.405,499.5,0.05999999865889549,0.07227675287202,False,False,False,no_morphology_candidate,False,,,,,,,,,,,,,,,,,,,,,,,,
528,1795618,1797618,448.9045,500.0,-0.3449999988079071,0.5999896841861307,False,False,False,no_morphology_candidate,False,,,,,,,,,,,,,,,,,,,,,,,,
529,1797618,1799618,449.4045,500.0,-0.3856250047683716,0.1894948195695877,False,False,False,no_morphology_candidate,False,,,,,,,,,,,,,,,,,,,,,,,,
530,1799618,1801617,449.9045,499.75,0.5056250095367432,0.11304827474355697,False,False,False,no_morphology_candidate,False,,,,,,,,,,,,,,,,,,,,,,,,
531,1801617,1803619,450.40425,500.49999999999994,1.3506250381469727,0.02826209077835083,False,False,False,no_morphology_candidate,False,,,,,,,,,,,,,,,,,,,,,,,,
532,1803619,1805616,450.90475,499.25,-0.3149999976158142,0.13204408017396926,False,False,False,no_morphology_candidate,False,,,,,,,,,,,,,,,,,,,,,,,,
533,1805616,1807615,451.404,499.75,-0.02437499910593033,0.11582812499999999,False,False,False,no_morphology_candidate,False,,,,,,,,,,,,,,,,,,,,,,,,
534,1807615,1809616,451.90375,500.25,-0.2771874964237213,0.08571280808150768,False,False,False,no_morphology_candidate,False,,,,,,,,,,,,,,,,,,,,,,,,
535,1809616,1811614,452.404,499.5,-0.11312499642372131,0.12694763648808002,False,False,False,no_morphology_candidate,False,,,,,,,,,,,,,,,,,,,,,,,,
536,1811614,1813614,452.9035,500.0,-0.06031249836087227,0.07042349773552269,False,False,False,no_morphology_candidate,False,,,,,,,,,,,,,,,,,,,,,,,,
537,1813614,1815614,453.4035,500.0,0.39906251430511475,0.11768141741752623,False,False,False,no_morphology_candidate,False,,,,,,,,,,,,,,,,,,,,,,,,
538,1815614,1817614,453.9035,500.0,-0.3084374964237213,0.052354317802190777,False,False,False,no_morphology_candidate,False,,,,,,,,,,,,,,,,,,,,,,,,
539,1817614,1819614,454.4035,500.0,-0.4846875071525574,0.1274109375,False,False,False,no_morphology_candidate,False,,,,,,,,,,,,,,,,,,,,,,,,
540,1819614,1821614,454.9035,500.0,0.6615625023841858,0.44987639508247373,False,False,False,no_morphology_candidate,False,,,,,,,,,,,,,,,,,,,,,,,,
541,1821614,1823614,455.4035,500.0,-0.20374999940395355,0.12185117070972919,False,False,False,no_morphology_candidate,False,,,,,,,,,,,,,,,,,,,,,,,,
542,1823614,1825615,455.9035,500.25,-0.044062498956918716,0.13343399977907539,False,False,False,no_morphology_candidate,False,,,,,,,,,,,,,,,,,,,,,,,,
543,1825615,1827614,456.40375,499.75,-0.7628124952316284,0.38547598586082454,False,False,False,no_morphology_candidate,False,,,,,,,,,,,,,,,,,,,,,,,,
544,1827614,1829613,456.9035,499.75,0.040312498807907104,0.1357505545467138,False,False,False,no_morphology_candidate,False,,,,,,,,,,,,,,,,,,,,,,,,
545,1829613,1831613,457.40325,500.0,-0.40156251192092896,0.4299539434432983,False,False,False,no_morphology_candidate,False,,,,,,,,,,,,,,,,,,,,,,,,
546,1831613,1833613,457.90325,500.0,-0.013437500223517418,0.14131031305231154,False,False,False,no_morphology_candidate,False,,,,,,,,,,,,,,,,,,,,,,,,
547,1833613,1835613,458.40325,500.0,-0.008124999701976776,0.10517193661630153,False,False,False,no_morphology_candidate,False,,,,,,,,,,,,,,,,,,,,,,,,
548,1835613,1837613,458.90325,500.0,0.18812499940395355,0.10934175618588923,False,False,False,no_morphology_candidate,False,,,,,,,,,,,,,,,,,,,,,,,,
549,1837613,1839613,459.40325,500.0,0.45500001311302185,0.13343400530219077,False,True,True,significant_er,True,459.40325,12.0,17.25,36.75,19.75,36.75,24.75,7.75,-0.6284375190734863,0.5853124856948853,1.0834375321865082,1.2137500047683716,0.6400000192224979,0.5687500201165676,1.2137500047683716,1.1202768675724912,3.9651040850145707,0.13343400530219077,8.11965083213102,9.096257000002112,4.262406864191085,native,matched_auto_manual_robust_mad,significant
550,1839613,1841613,459.90325,500.0,-0.13750000298023224,0.1348239304304123,False,False,False,no_morphology_candidate,False,,,,,,,,,,,,,,,,,,,,,,,,
551,1841613,1843612,460.40325,499.75,-0.6240624785423279,0.11675477120876311,False,False,False,no_morphology_candidate,False,,,,,,,,,,,,,,,,,,,,,,,,
552,1843612,1845613,460.903,500.25,-0.1665624976158142,0.1445534946978092,False,False,False,no_morphology_candidate,False,,,,,,,,,,,,,,,,,,,,,,,,
553,1845613,1847613,461.40325,500.0,-0.9487500190734863,0.06115723586082458,False,False,False,no_morphology_candidate,False,,,,,,,,,,,,,,,,,,,,,,,,
554,1847613,1849613,461.90325,500.0,-0.47843751311302185,0.0722767694413662,False,False,False,no_morphology_candidate,False,,,,,,,,,,,,,,,,,,,,,,,,
555,1849613,1851613,462.40325,500.0,-0.5909374952316284,0.19459124116301535,False,False,False,no_morphology_candidate,False,,,,,,,,,,,,,,,,,,,,,,,,
556,1851613,1853613,462.90325,500.0,0.015937499701976776,0.19042143263965844,False,True,False,candidate_not_significant,False,462.90325,11.5,13.0,24.75,15.5,24.75,13.25,4.0,-0.8165624737739563,0.8471875190734863,0.8324999734759331,1.6637499928474426,0.43312495946884155,0.17781245708465576,1.6637499928474426,1.998498553580483,9.047996306811658,0.19042143263965844,4.371881683357061,8.737199220614093,0.9337838426052434,native,matched_auto_manual_robust_mad,below_snr
557,1853613,1855613,463.40325,500.0,0.2734375,0.2719644321978092,False,False,False,no_morphology_candidate,False,,,,,,,,,,,,,,,,,,,,,,,,
558,1855613,1857612,463.90325,499.75,-0.38624998927116394,0.18625160202383995,False,True,True,significant_er,True,463.90325,12.25,14.0,34.0,16.25,34.0,21.75,4.0,-2.4540624618530273,1.0553125143051147,2.0678124725818634,3.509374976158142,1.1481249332427979,1.3378124237060547,3.509374976158142,1.6971437316926272,6.413842089054078,0.18625160202383995,11.102253350374866,18.842119681252175,7.1828237135636375,native,matched_auto_manual_robust_mad,significant
559,1857612,1859613,464.403,500.25,-0.5006250143051147,0.3294151274085045,False,False,False,no_morphology_candidate,False,,,,,,,,,,,,,,,,,,,,,,,,
560,1859613,1861612,464.90325,499.75,-0.2796874940395355,0.04169810732603073,False,False,False,no_morphology_candidate,False,,,,,,,,,,,,,,,,,,,,,,,,
